1,game
2,gamedata
3,players
4,teams
5,plan
6,memo
7,stadium
8,weather
9,owner
10,pitch_type
11,result
12,a|0|1|2|3|4|5|6|7|8|9|A
13,type
14,game_num
15,date
16,time
17,weather_id
18,stadium_id
19,umpire_id
20,scorer_id
21,second_team_id
22,first_team_id
23,started
24,pause
25,ended
26,first_start_members
27,second_start_members
28,first_player_change
29,second_player_change
30,draw_called_game_flag
31,tags
32,holds
33,second_team_score
34,first_team_score
35,video
36,paused
37,pages
38,winning_pitcher_id
39,losing_pitcher_id
40,save_pitcher_id
41,_id
42,a|C|D|E|F|G|H|I|J|K|L|M|N|O|P|Q|R|S|T|U|V|W|X|Y|Z|a|b|c|d|e
43,n|2D76mX
44,2026-05-24T08:05:58+0900
45,08:05:58
46,stadium-000000068ba440b
47,n|0
48,team-000000068ba3dfe
49,team-000000068ba38ff
50,b|T
51,b|F
52,player_id
53,position_id
54,a|p|q
55,player-000000068ba3e61
56,position-8
57,o|r|s|t
58,player-000000068ba3e7e
59,position-7
60,o|r|v|w
61,player-000000068ba3ccd
62,position-5
63,o|r|y|z
64,player-000000068ba3b89
65,position-2
66,o|r|11|12
67,player-000000068ba3c77
68,position-6
69,o|r|14|15
70,player-000000068ba3dcd
71,position-3
72,o|r|17|18
73,player-000000068ba3ba8
74,position-10
75,o|r|1A|1B
76,player-000000068ba3f6b
77,position-9
78,o|r|1D|1E
79,player-000000068ba3e0a
80,position-4
81,o|r|1G|1H
82,player-000000068ba3ab6
83,position-1
84,o|r|1J|1K
85,a|u|x|10|13|16|19|1C|1F|1I|1L
86,player-000000068ba5215
87,o|r|1N|1E
88,player-000000069cdd096
89,o|r|1P|z
90,player-000000068ba5061
91,o|r|1R|1H
92,player-000000068ba5078
93,o|r|1T|18
94,player-000000068ba50b1
95,o|r|1V|15
96,player-000000068c5f8bc
97,o|r|1X|t
98,player-000000068ba52c4
99,o|r|1Z|w
100,player-000000069d20edb
101,o|r|1b|1B
102,player-000000068ba4fb2
103,o|r|1d|12
104,player-000000068ba4da2
105,o|r|1f|1K
106,a|1O|1Q|1S|1U|1W|1Y|1a|1c|1e|1g
107,t
108,inning
109,page
110,top_bottom
111,a|1i|1j|1k|1l|2
112,2026-05-24T01:19:38.745Z
113,n|4
114,n|2r
115,player-000000068ba3b26
116,o|r|1q|1K
117,a|u|x|10|13|16|19|1C|1F|1I|1r
118,o|1m|1n|1o|1p|o|1s
119,2026-05-24T01:51:17.496Z
120,n|6
121,n|3g
122,player-000000068ba3fdd
123,o|r|1x|1B
124,a|u|x|10|13|16|19|1y|1F|1I|1r
125,o|1m|1u|1v|1w|n|1z
126,2026-05-24T01:53:28.334Z
127,n|3l
128,player-000000068ba3ea1
129,o|r|23|1E
130,a|u|x|10|13|16|19|1y|24|1I|1r
131,o|1m|21|1v|22|n|25
132,2026-05-24T01:54:07.242Z
133,n|3m
134,player-000000068ba3c21
135,o|r|29|1H
136,a|u|x|10|13|16|19|1y|24|2A|1r
137,o|1m|27|1v|28|n|2B
138,2026-05-24T01:58:56.683Z
139,n|3x
140,player-000000068ba3c8f
141,o|r|2F|1H
142,player-000000068ba3a15
143,o|r|2H|1K
144,a|u|x|10|13|16|19|1y|24|2G|2I
145,o|1m|2D|1v|2E|o|2J
146,2026-05-24T02:01:36.523Z
147,n|3y
148,player-000000068ba39eb
149,o|r|2N|1K
150,a|u|x|10|13|16|19|1y|24|2G|2O
151,o|1m|2L|1v|2M|o|2P
152,2026-05-24T02:15:09.610Z
153,n|4S
154,player-000000068ba3b01
155,o|r|2T|1K
156,a|u|x|10|13|16|19|1y|24|2G|2U
157,o|1m|2R|1v|2S|o|2V
158,a|1t|20|26|2C|2K|2Q|2W
159,2026-05-24T00:39:33.507Z
160,n|3
161,n|1V
162,player-000000068ba4ea7
163,o|r|2b|1K
164,a|1O|1Q|1S|1U|1W|1Y|1a|1c|1e|2c
165,o|1m|2Y|2Z|2a|n|2d
166,2026-05-24T01:04:30.386Z
167,n|2N
168,player-000000068ba4cf9
169,o|r|2h|1K
170,a|1O|1Q|1S|1U|1W|1Y|1a|1c|1e|2i
171,o|1m|2f|1o|2g|n|2j
172,2026-05-24T01:47:56.504Z
173,n|3c
174,player-00000006a0061bd
175,o|r|2n|1K
176,a|1O|1Q|1S|1U|1W|1Y|1a|1c|1e|2o
177,o|1m|2l|1v|2m|n|2p
178,2026-05-24T02:06:58.918Z
179,n|48
180,player-000000068ba523c
181,o|r|2t|t
182,a|1O|1Q|1S|1U|1W|2u|1a|1c|1e|2o
183,o|1m|2r|1v|2s|o|2v
184,2026-05-24T02:19:39.662Z
185,n|7
186,n|4V
187,player-000000069d74466
188,o|r|30|w
189,o|r|1Z|t
190,a|1O|1Q|1S|1U|1W|31|32|1c|1e|2o
191,o|1m|2x|2y|2z|n|33
192,a|2e|2k|2q|2w|34
193,a|
194,n|5
195,n|C
196,n|51
197,game-000019e57184a54
198,o|f|0|g|h|i||j|k|k|l|m|n|o|n|1M|1h|2X|35|n|36|36|37|38||o|39||||3A
199,game_id
200,time_count
201,page_score
202,hold
203,earned_runs
204,runs_allowed
205,last_ball_flag
206,pickoff_throw_to
207,atbat_again_flag
208,pre_strike_count
209,pre_ball_count
210,pre_out_count
211,strike_count
212,ball_count
213,out_count
214,pitcher
215,innings_pitched
216,total_pitches
217,pitches_to_this_batter
218,course_x
219,course_y
220,ball_speed
221,opposite_ball
222,strikeout_type
223,strike
224,ball
225,balk
226,catcher
227,batter
228,runner
229,catch_fielder
230,second_team_earned_runs
231,first_team_earned_runs
232,batting_order
233,plate_appearances
234,hits
235,runs_batted_in
236,end_result_id
237,outs
238,batted_ball
239,one_bound_flag
240,slide_step_flag
241,timing
242,pa_in_this_inning
243,fielder_shift
244,course_number_25
245,course_number_9
246,first_batting_flag
247,first_strike_flag
248,illegal_pitch_flag
249,batter_of_this_pa_id
250,pitcher_of_this_pa_id
251,batter_of_this_pa_result
252,pitcher_of_this_pa_result
253,strikeout_flag
254,batting_flag
255,last_batted_ball_feature
256,pitching_appearance_order
257,batters_in_this_atbat
258,pitchers_in_this_atbat
259,bunt_flag
260,batter_double_play_flag
261,double_play_flag
262,triple_play_flag
263,intentional_ball_flag
264,tag_up_flag
265,first_swing_flag
266,swing_flag
267,pitcher_of_this_pa
268,catcher_of_this_pa_id
269,batter_of_this_pa_box_id
270,pitcher_of_this_pa_throw_id
271,catcher_of_this_pa
272,catcher_mitt_position
273,box_id
274,sort_of_intentional_walk_flag
275,tie_brake
276,tie_brake_start
277,scorebook
278,pitch_clock
279,start_time
280,end_time
281,a|3C|C|1k|3D|1j|1l|3E|X|W|3F|3G|3H|5|4|3I|3J|3K|3L|3M|3N|3O|3P|3Q|3R|3S|3T|3U|3V|3W|9|3X|3Y|3Z|3a|3b|3c|3d|3e|3f|3g|3h|3i|3j|3k|3l|3m|3n|3o|3p|3q|3r|3s|3t|3u|3v|3w|3x|3y|3z|40|41|42|43|44|45|46|47|48|49|4A|4B|4C|4D|4E|4F|4G|4H|4I|4J|4K|4L|4M|4N|4O|4P|4Q|4R|4S|4T|4U|4V|e
282,n|1
283,2026-05-23T23:55:13.201Z
284,id
285,throw_id
286,error_id
287,a|4Z|4a|4b
288,2
289,o|4c|1f|4d|k
290,n|2j.H5jR6iRb
291,n|2X.6rczeSfv
292,balltype-000000068a433c3
293,n|1w
294,a|4Z|4b|3J
295,
296,o|4j|4k|k|k
297,left_on_base
298,advanced_base
299,stole_base
300,out_flag
301,pinch_hitter_flag
302,runs_flag
303,runs_batted_in_flag
304,a|4Z|4O|4m|4n|4o|4b|4p|4q|4r|4s|3t
305,o|4t|s|4d|o|k|k|k|o|o|o|o|k
306,1
307,3
308,a|4v|4d|4w
309,pinch_runner_flag
310,a|4Z|4m|4n|4o|4b|4p|4y|4r|4s|3t
311,o|4z|4k|o|k|k|k|o|o|o|o|k
312,o|4x|50|50|50
313,position
314,action
315,throw_to
316,a|4Z|52|4b|53|54
317,o|55|4k|k|36|k|k
318,a|56
319,n|9
320,rank
321,x
322,y
323,feature
324,direction_3_division
325,direction_5_division
326,direction_near_line
327,angle
328,a|A|59|5A|5B|5C|5D|5E|5F|5G
329,n|E
330,o|5H|5I|k|k|k|k|k|k|k|k
331,n|O
332,batter_runner
333,first_runner
334,second_runner
335,third_runner
336,a|5L|5M|5N|5O
337,team_earned_runs
338,a|4Z|3H|3G|5Q
339,o|5R|4k|k|k|k
340,o|5P|5S|5S|5S|5S
341,a|4Z
342,o|5U|4k
343,o|5P|5V|5V|5V|5V
344,n|2
345,o|
346,gd-0078c31b31-000019e5743c1a9
347,o|4W|3A|1|4X|4Y|4X|n|k|k|k|k|k|k|36|36|o|k|o|k|k|k|k|4X|k|4e|k|4X|4X|4f|4g|4h|4i|o|k|o|n|o|4l|4u|51|57|k|k|4X|k|k|k|58|k|5J|o|o|k|k|k|5K|2y|o|o|k|s|1f|o|o|o|o|k|4X|4X|4X|o|o|o|o|o|o|o|o|5T|4k|4d|4d|5W|5X|k|o|o|o|5Y|o|||5Z
348,2026-05-23T23:55:28.064Z
349,n|2K.Ojxp8Hqo
350,n|2V.NP0TorlM
351,n|D
352,o|5H|5e|k|k|k|k|k|k|k|k
353,gd-0078c31b31-000019e5743c8a0
354,o|4W|3A|1|5X|5b|4X|n|k|k|k|k|k|k|36|36|o|k|o|k|4X|k|4X|k|k|4e|k|5X|5X|5c|5d|4h|k|o|k|n|o|o|4l|4u|51|36|k|k|4X|k|k|k|58|k|5f|o|o|k|k|k|58|2y|o|n|k|s|1f|o|o|o|o|k|4X|4X|4X|o|o|o|o|o|o|o|o|5T|4k|4d|4d|5W|5X|k|o|o|o|5Y|o|||5g
355,2026-05-23T23:55:43.620Z
356,n|2G.62ll9h1F
357,n|1P.9hgRPNiA
358,n|1v
359,o|4t|s|4d|o|k|k|k|n|o|o|o|k
360,index
361,a|4Z|5n|52|4b|54
362,o|5o|1V|k|1v|36|k
363,a|5p
364,n|1M.3VuWPdZN
365,n|2X.OahlwIi4
366,n|z.2cTaSlsMz
367,o|5H|58|2Z|5r|5s|2Z|4X|5X|k|5t
368,n|11
369,gd-0078c31b31-000019e5743f164
370,o|4W|3A|1|2Z|5i|4X|n|k|k|k|k|k|k|36|36|n|k|o|4X|4X|k|k|k|4X|4e|k|2Z|2Z|5j|5k|4h|5l|o|k|o|o|o|4l|5m|51|5q|k|k|4X|4X|k|k|58|4X|5u|o|o|k|k|k|2y|4X|n|o|k|s|1f|n|n|o|n|k|4X|4X|4X|o|o|o|o|o|o|n|n|5T|4k|4d|4d|5W|5X|5v|o|o|o|5Y|o|||5w
371,2026-05-23T23:56:14.704Z
372,n|U.yuO9KGVK
373,n|2c.OMyvfQ5Z
374,balltype-000000068a43238
375,o|4t|v|4v|o|k|k|k|o|o|o|o|4X
376,gd-0078c31b31-000019e57443bef
377,o|4W|3A|1|1o|5y|4X|n|k|k|k|k|k|k|36|36|o|k|o|k|k|4X|k|4X|k|4e|k|1o|4X|5z|60|61|k|o|k|o|n|o|4l|62|51|36|k|k|5X|k|k|k|58|4X|5J|o|o|k|4X|k|5e|2y|o|o|k|v|1f|o|o|o|o|k|4X|4X|4X|o|o|o|o|o|o|o|o|5T|1d|4v|4d|5W|1o|k|o|o|o|5Y|o|||63
378,2026-05-23T23:56:26.197Z
379,n|T.1TRjgVfbl
380,n|2L.6rczeGTC
381,n|1h
382,o|4j|1d|k|k
383,gd-0078c31b31-000019e5744a4ca
384,o|4W|3A|1|37|65|4X|n|k|k|k|k|k|k|36|36|o|k|o|k|4X|4X|k|4X|k|4e|k|37|5X|66|67|61|68|o|k|o|n|o|69|62|51|36|k|k|5X|k|k|k|58|4X|5J|o|o|k|4X|k|38|1o|o|o|k|v|1f|o|o|o|o|k|4X|4X|4X|o|o|o|o|o|o|o|o|5T|1d|4v|4d|5W|1o|k|o|o|o|5Y|o|||6A
385,2026-05-23T23:56:43.476Z
386,n|1l.2P429nEw
387,n|32.6rczeSfA
388,n|8
389,gd-0078c31b31-000019e5744e1a8
390,o|4W|3A|1|1v|6C|4X|n|k|k|k|k|k|k|36|36|o|k|o|k|5X|4X|4X|k|k|4e|k|1v|2Z|6D|6E|4h|5l|o|k|n|o|o|69|62|51|36|k|k|5X|k|k|k|58|4X|5f|o|o|k|4X|k|1v|6F|o|n|k|v|1f|o|o|o|o|k|4X|4X|4X|o|o|o|o|o|o|o|o|5T|1d|4v|4d|5W|1o|k|o|o|o|5Y|o|||6G
391,2026-05-23T23:56:57.210Z
392,n|1Q.1PgeDh4r
393,n|e.9hgRPNqZ
394,n|H
395,gd-0078c31b31-000019e57451943
396,o|4W|3A|1|2y|6I|4X|n|k|k|k|k|k|k|36|36|o|k|o|4X|5X|4X|k|4X|k|4e|k|2y|1o|6J|6K|4h|5l|o|k|o|n|o|69|62|51|36|k|k|5X|k|k|k|58|4X|5J|o|o|k|4X|k|6L|5X|o|o|k|v|1f|o|o|o|o|k|4X|4X|4X|o|o|o|o|o|o|o|o|5T|1d|4v|4d|5W|1o|k|o|o|o|5Y|o|||6M
397,2026-05-23T23:57:14.960Z
398,n|1i.Cg7VSBmA
399,n|17.LWvTuWHb
400,n|1x
401,n|2q.1rg3Prtl
402,n|43.20pmTtid
403,n|5j.4V93DRn
404,o|5H|4X|5X|6S|6T|2Z|k|k|k|6U
405,gd-0078c31b31-000019e57454b40
406,o|4W|3A|1|6F|6O|4X|n|k|k|k|k|k|k|36|36|o|k|o|4X|2Z|4X|4X|k|k|4e|k|6F|37|6P|6Q|4h|6R|o|k|n|o|o|69|62|51|36|k|k|5X|k|k|k|58|4X|6V|o|o|k|4X|k|1o|5X|n|o|k|v|1f|o|o|o|n|k|4X|4X|4X|o|o|o|o|o|o|n|n|5T|1d|4v|4d|5W|1o|k|o|o|o|5Y|o|||6W
407,2026-05-23T23:57:44.027Z
408,n|v.2C9heMbe6
409,n|3H.7pbRV270
410,o|4t|v|4v|o|k|k|k|n|o|o|o|4X
411,o|5o|1T|k|2Z|36|k
412,a|6c
413,n|20.7gwfzhCl
414,n|3j.HXN5so68
415,n|5.3JwlKrbY0
416,o|5H|58|2Z|6e|6f|4X|2Z|37|k|6g
417,n|G
418,n|g
419,gd-0078c31b31-000019e5745a0c3
420,o|4W|3A|1|58|6Y|4X|n|k|k|k|k|k|k|36|36|n|k|o|5X|2Z|4X|k|k|4X|4e|k|58|1v|6Z|6a|4h|k|o|k|o|o|o|69|6b|51|6d|k|k|5X|4X|k|k|58|5X|6h|o|o|k|4X|k|6i|2y|o|o|k|v|1f|n|n|o|n|k|4X|4X|4X|o|o|o|o|o|o|o|n|5T|1d|4v|4d|5W|1o|6j|o|o|o|5Y|o|||6k
421,n|A
422,2026-05-23T23:58:18.891Z
423,n|1U.GnQTvCIW
424,n|2O.1UU
425,n|1z
426,o|4t|y|4v|o|k|k|k|o|o|o|o|5X
427,gd-0078c31b31-000019e57461939
428,o|4W|3A|1|6m|6n|4X|n|k|k|k|k|k|k|36|36|o|k|o|k|k|5X|4X|k|k|4e|k|6m|4X|6o|6p|4h|6q|o|k|n|o|o|69|6r|51|36|k|k|2Z|k|k|k|1o|5X|5f|o|o|k|5X|k|37|37|o|n|k|y|1f|o|o|o|o|k|4X|4X|4X|o|o|o|o|o|o|o|o|5T|1d|4v|4d|5W|5X|k|o|o|o|5Y|o|||6s
429,n|B
430,2026-05-23T23:58:32.619Z
431,n|Y.34NJwOUSF
432,n|3L.DYo
433,n|1g
434,gd-0078c31b31-000019e5746a129
435,o|4W|3A|1|6u|6v|4X|n|k|k|k|k|k|k|36|36|o|k|o|4X|k|5X|k|4X|k|4e|k|6u|5X|6w|6x|61|6y|o|k|o|n|o|69|6r|51|36|k|k|2Z|k|k|k|1o|5X|5J|o|o|k|5X|k|5I|2y|o|o|k|y|1f|o|o|o|o|k|4X|4X|4X|o|o|o|o|o|o|o|o|5T|1d|4v|4d|5W|k|k|o|o|o|5Y|o|||6z
436,2026-05-23T23:58:48.335Z
437,n|l.Hnvk06lU
438,n|1I.JNQvv48H
439,n|2.QeIZV0zWD
440,n|4M.FRDau151
441,n|3W.LRo6QfLD
442,o|5H|4X|k|74|75|2Z|k|k|k|76
443,gd-0078c31b31-000019e5746c49a
444,o|4W|3A|1|38|71|4X|n|k|k|k|k|k|k|36|36|o|k|o|4X|4X|5X|4X|k|k|4e|k|38|2Z|72|73|4h|5l|o|k|n|o|o|69|6r|51|36|k|k|2Z|k|k|k|1o|5X|77|o|o|k|5X|k|4X|4X|n|o|k|y|1f|o|o|o|n|k|4X|4X|4X|o|o|o|o|o|o|n|n|5T|1d|4v|4d|5W|1o|k|o|o|o|5Y|o|||78
445,2026-05-23T23:59:20.285Z
446,n|u.PBqAAD5P
447,n|1A.JNQvv5Lx
448,o|4t|y|4v|o|5X|k|k|o|o|o|o|5X
449,o|5o|1X|k|6F|36|k
450,a|7E
451,n|2O.6ACPw4re
452,n|o.2d6qMyVHZ
453,n|y.2onhXbMuM
454,o|5H|1o|5X|7G|7H|2Z|4X|5X|k|7I
455,gd-0078c31b31-000019e57471178
456,o|4W|3A|1|5e|7A|4X|n|k|k|k|k|k|k|36|36|n|k|o|5X|4X|5X|k|k|k|4e|k|5e|1o|7B|7C|4h|6q|o|k|o|o|o|69|7D|51|7F|k|k|2Z|4X|4X|k|1o|5X|7J|o|o|k|5X|k|4X|4X|o|o|k|y|1f|n|n|o|n|k|4X|4X|4X|o|o|o|o|o|o|o|n|5T|1d|4v|4d|5W|5X|6L|o|o|o|5Y|o|||7K
457,2026-05-24T00:00:03.419Z
458,n|O.KuWs3wFX
459,n|i.9hgRPBWC
460,o|4t|11|4v|o|k|k|k|o|o|o|o|2Z
461,o|4z|y|o|k|k|k|o|o|o|o|5X
462,o|4x|50|7Q|50
463,n|F
464,gd-0078c31b31-000019e5747a18d
465,o|4W|3A|1|5I|7M|4X|n|k|k|k|k|k|k|36|36|o|k|o|k|k|5X|k|4X|k|4e|k|5I|4X|7N|7O|4h|4i|o|k|o|n|o|69|7P|7R|36|k|k|1o|k|k|k|7S|5X|5J|o|o|k|2Z|k|6m|4X|o|o|k|11|1f|o|o|o|o|k|4X|4X|4X|o|o|o|o|o|o|o|o|5T|1d|4v|4d|5W|5X|k|o|o|o|5Y|o|||7T
466,2026-05-24T00:00:20.647Z
467,n|g.1qoBNNYpG
468,n|3N.OMyvfPxA
469,n|1e
470,gd-0078c31b31-000019e5748212d
471,o|4W|3A|1|7S|7V|4X|n|k|k|k|k|k|k|36|36|o|k|o|k|4X|5X|k|4X|k|4e|k|7S|5X|7W|7X|61|7Y|o|k|o|n|o|69|7P|7R|36|k|k|1o|k|k|k|7S|5X|5J|o|o|k|2Z|k|6i|2y|o|o|k|11|1f|o|o|o|o|k|4X|4X|4X|o|o|o|o|o|o|o|o|5T|1d|4v|4d|5W|1o|k|o|o|o|5Y|o|||7Z
472,2026-05-24T00:00:39.180Z
473,n|3W.NP0TorlH
474,gd-0078c31b31-000019e574871dd
475,o|4W|3A|1|6i|7b|4X|n|k|k|k|k|k|k|36|36|o|k|o|k|5X|5X|k|4X|k|4e|k|6i|2Z|72|7c|4h|4i|o|k|o|n|o|69|7P|7R|36|k|k|1o|k|k|k|7S|5X|5J|o|o|k|2Z|k|6i|2y|o|o|k|11|1f|o|o|o|o|k|4X|4X|4X|o|o|o|o|o|o|o|o|5T|1d|4v|4d|5W|1o|k|o|o|o|5Y|o|||7d
476,2026-05-24T00:01:02.249Z
477,n|z.1xHWnz3jp
478,n|1R.QF3vZY9W
479,n|1u
480,gd-0078c31b31-000019e5748afa7
481,o|4W|3A|1|6L|7f|4X|n|k|k|k|k|k|k|36|36|o|k|o|k|2Z|5X|4X|k|k|4e|k|6L|1o|7g|7h|4h|7i|o|k|n|o|o|69|7P|7R|36|k|k|1o|k|k|k|7S|5X|5f|o|o|k|2Z|k|4X|4X|o|n|k|11|1f|o|o|o|o|k|4X|4X|4X|o|o|o|o|o|o|o|o|5T|1d|4v|4d|5W|5X|k|o|o|o|5Y|o|||7j
482,n|I
483,2026-05-24T00:01:21.728Z
484,n|1v.7Ac2sXfB
485,n|3O.1UZ
486,o|4t|11|4v|o|4X|k|k|o|o|o|o|2Z
487,o|5H|7S|k|k|k|k|k|k|k|k
488,n|Y
489,gd-0078c31b31-000019e57490f0f
490,o|4W|3A|1|7l|7m|4X|n|k|k|k|k|k|k|36|36|n|k|o|4X|2Z|5X|k|4X|k|4e|k|7l|37|7n|7o|4h|6R|o|k|o|n|o|69|7p|7R|36|k|k|1o|4X|k|k|7S|5X|7q|o|o|k|2Z|k|7l|6F|o|o|k|11|1f|n|n|o|o|k|4X|4X|4X|o|o|o|o|o|o|o|o|5T|1d|4v|4d|5W|5X|7r|o|o|o|5Y|o|||7s
491,n|J
492,2026-05-24T00:02:31.080Z
493,n|1T.JRX4a9t3
494,n|2l.9K
495,o|4t|14|4v|o|1o|k|k|o|o|o|n|1o
496,o|4z|11|o|1o|k|k|o|o|o|n|2Z
497,o|4z|y|o|1o|k|k|o|o|o|n|5X
498,o|4x|7z|80|50
499,o|5o|1N|k|58|36|k
500,a|82
501,n|4F.RrW1gXx
502,n|27.FbNFjWDy
503,n|P.2cXOaJsSL
504,o|5H|2y|5X|84|85|5X|2Z|1o|k|86
505,o|5R|1f|4X|4X|4X
506,o|5P|88|88|88|5S
507,o|5U|1d
508,o|5P|8A|8A|8A|8A
509,n|U
510,gd-0078c31b31-000019e57495713
511,o|4W|3A|1|7u|7v|4X|n|2Z|k|k|k|2Z|2Z|36|36|n|k|o|k|k|5X|k|k|k|4e|k|7u|4X|7w|7x|4h|4i|o|k|o|o|o|69|7y|81|83|k|2Z|37|4X|4X|2Z|2y|5X|87|o|o|k|1o|k|1v|6F|n|o|k|14|1f|n|n|o|n|k|4X|4X|4X|o|o|o|o|o|o|n|n|89|1d|4v|4d|8B|1o|8C|o|o|o|5Y|o|||8D
512,n|K
513,2026-05-24T00:03:15.187Z
514,n|1B.AzPUVGMc
515,n|2i.7pbRVH0D
516,balltype-000000068a432ae
517,o|4t|17|4v|o|4X|k|k|o|o|o|o|37
518,n|35.HmEXDSy8
519,n|3H.Kg6KHpXg
520,n|D.zJVHKYc4
521,o|5H|5X|2Z|8L|8M|4X|2Z|37|k|8N
522,gd-0078c31b31-000019e574aaacf
523,o|4W|3A|1|8F|8G|4X|n|k|2Z|k|k|k|k|36|36|n|k|o|k|k|5X|k|k|k|4e|k|8F|4X|8H|8I|8J|k|o|k|o|o|o|69|8K|51|83|k|k|1v|4X|4X|k|5X|5X|8O|o|o|k|37|k|2Z|2y|n|o|k|17|1f|n|n|o|n|k|4X|4X|4X|o|o|o|o|o|o|n|n|5T|1d|4v|4d|5W|1o|58|o|o|o|5Y|o|||8P
524,n|L
525,2026-05-24T00:03:55.716Z
526,n|2x.A6bkbbGd
527,n|2S.7pbRVGrt
528,o|4t|1A|4d|o|k|k|k|o|o|o|o|1v
529,o|4z|17|o|k|k|k|o|o|o|o|37
530,o|4x|8W|50|50
531,gd-0078c31b31-000019e574b26c1
532,o|4W|3A|1|8R|8S|4X|n|k|2Z|k|k|k|k|36|36|o|k|o|k|k|5X|k|4X|k|4e|k|8R|4X|8T|8U|4h|4i|o|k|o|n|o|69|8V|8X|36|k|k|2y|k|k|k|58|5X|5J|o|o|k|1v|k|5K|2y|o|o|k|1A|1f|o|o|o|o|k|4X|4X|4X|o|o|o|o|o|o|o|o|5T|1d|4d|4d|5W|5X|k|o|o|o|5Y|o|||8Y
533,n|M
534,2026-05-24T00:04:14.742Z
535,n|1A.AK53Fxr7
536,n|2G.8U
537,gd-0078c31b31-000019e574bae96
538,o|4W|3A|1|8a|8b|4X|n|k|2Z|k|k|k|k|36|36|o|k|o|k|4X|5X|4X|k|k|4e|k|8a|5X|8c|8d|61|68|o|k|n|o|o|69|8V|8X|36|k|k|2y|k|k|k|58|5X|5f|o|o|k|1v|k|5X|1v|o|n|k|1A|1f|o|o|o|o|k|4X|4X|4X|o|o|o|o|o|o|o|o|5T|1d|4d|4d|5W|5X|k|o|o|o|5Y|o|||8e
539,n|N
540,2026-05-24T00:04:39.351Z
541,n|2U.JNQvvIul
542,n|X.23AlUHB2x
543,n|37.6ZJoqpgP
544,n|1a.SCioVXS5
545,o|5H|4X|2Z|8j|8k|4X|k|k|k|8l
546,gd-0078c31b31-000019e574c0b6b
547,o|4W|3A|1|8g|8h|4X|n|k|2Z|k|k|k|k|36|36|o|k|o|4X|4X|5X|4X|k|k|4e|k|8g|2Z|7g|8i|4h|7i|o|k|n|o|o|69|8V|8X|36|k|k|2y|k|k|k|58|5X|8m|o|o|k|1v|k|2Z|58|n|o|k|1A|1f|o|o|o|n|k|4X|4X|4X|o|o|o|o|o|o|n|n|5T|1d|4d|4d|5W|5X|k|o|o|o|5Y|o|||8n
548,2026-05-24T00:05:11.033Z
549,n|11.5mE4FNSA
550,n|1D.9hgRPBVR
551,n|1j
552,n|6.NJJSsQrX
553,n|2M.17JC0r1D
554,n|1l.Oo7bRCBs
555,o|5H|4X|k|8t|8u|4X|k|k|k|8v
556,gd-0078c31b31-000019e574c6987
557,o|4W|3A|1|5K|8p|4X|n|k|2Z|k|k|k|k|36|36|o|k|o|5X|4X|5X|k|k|k|4e|k|5K|1o|8q|8r|61|8s|o|k|o|o|o|69|8V|8X|36|k|k|2y|k|k|k|58|5X|8w|o|o|k|1v|k|4X|2Z|o|o|k|1A|1f|o|o|o|n|k|4X|4X|4X|o|o|o|o|o|o|o|n|5T|1d|4d|4d|5W|5X|k|o|o|o|5Y|o|||8x
558,n|P
559,2026-05-24T00:05:42.663Z
560,n|1J.BrfgcGrw
561,n|1C.4zXzkNCP
562,n|1k
563,o|4t|1A|4d|o|k|k|k|n|o|o|o|1v
564,o|4z|17|n|k|k|k|o|o|o|o|37
565,o|4x|95|50|50
566,o|5o|1Z|k|2y|36|k
567,a|97
568,n|1U.Mfxu2EGw
569,n|a.8gYamqCa
570,n|1D.87janEPc
571,o|5H|58|5X|99|9A|5X|4X|4X|k|9B
572,n|t
573,gd-0078c31b31-000019e574cd94c
574,o|4W|3A|1|8z|90|4X|n|k|2Z|k|k|k|k|36|36|n|k|o|5X|4X|5X|k|k|4X|4e|k|8z|37|91|92|61|93|o|k|o|o|o|69|94|96|98|k|k|2y|4X|k|k|58|2Z|9C|o|o|k|1v|k|1o|5X|o|o|k|1A|1f|n|n|o|n|k|4X|4X|4X|o|o|o|o|o|o|o|n|5T|1d|4d|4d|5W|5X|9D|o|o|o|5Y|o|||9E
575,n|Q
576,2026-05-24T00:08:13.164Z
577,o|4c|1J|4d|k
578,n|2B.NjFzOe1Y
579,n|1n
580,o|4j|11|k|k
581,o|4t|1N|4v|o|k|k|k|o|o|o|o|4X
582,gd-0078c31b31-000019e574d6b28
583,o|4W|3A|1|9G|9H|4X|o|k|2Z|k|k|k|k|36|36|o|k|o|k|k|k|4X|k|k|9I|k|4X|4X|9J|8d|4h|9K|o|k|n|o|o|9L|9M|51|36|k|k|4X|k|k|k|58|k|5f|o|o|k|4X|k|6F|1v|o|n|k|1N|1J|o|o|o|o|k|4X|4X|4X|o|o|o|o|o|o|o|o|5T|11|4v|4d|5W|k|k|o|o|o|5Y|o|||9N
584,n|R
585,2026-05-24T00:08:23.135Z
586,n|1Q.JNQvv5UH
587,n|1Y.Apei1qqK
588,n|4C.CgTyPYIG
589,n|5U.1vgL4X5F
590,o|5H|4X|k|9S|9T|4X|k|k|k|9U
591,gd-0078c31b31-000019e574f9fd1
592,o|4W|3A|1|9P|9Q|4X|o|k|2Z|k|k|k|k|36|36|o|k|o|4X|k|k|4X|k|k|9I|k|5X|5X|7n|9R|61|2a|o|k|n|o|o|9L|9M|51|36|k|k|4X|k|k|k|58|k|9V|o|o|k|4X|k|1o|5X|n|o|k|1N|1J|o|o|o|n|k|4X|4X|4X|o|o|o|o|o|o|n|n|5T|11|4v|4d|5W|k|k|o|o|o|5Y|o|||9W
593,n|S
594,2026-05-24T00:08:38.789Z
595,n|X.S6UL25aI
596,n|1e.4zXzk9V7
597,n|1q
598,gd-0078c31b31-000019e574fcc84
599,o|4W|3A|1|9Y|9Z|4X|o|k|2Z|k|k|k|k|36|36|o|k|o|5X|k|k|k|4X|k|9I|k|2Z|2Z|9a|9b|4h|9c|o|k|o|n|o|9L|9M|51|36|k|k|4X|k|k|k|58|k|5J|o|o|k|4X|k|38|1o|o|o|k|1N|1J|o|o|o|o|k|4X|4X|4X|o|o|o|o|o|o|o|o|5T|11|4v|4d|5W|5X|k|o|o|o|5Y|o|||9d
600,n|T
601,2026-05-24T00:08:52.817Z
602,n|S.8uAjmBh4
603,n|1x.4zXzkN40
604,balltype-000000068a43386
605,n|1r
606,gd-0078c31b31-000019e57501e7a
607,o|4W|3A|1|9f|9g|4X|o|k|2Z|k|k|k|k|36|36|o|k|o|5X|4X|k|k|4X|k|9I|k|1o|1o|9h|9i|9j|9k|o|k|o|n|o|9L|9M|51|36|k|k|4X|k|k|k|58|k|5J|o|o|k|4X|k|38|1o|o|o|k|1N|1J|o|o|o|o|k|4X|4X|4X|o|o|o|o|o|o|o|o|5T|11|4v|4d|5W|k|k|o|o|o|5Y|o|||9l
608,2026-05-24T00:09:09.186Z
609,n|15.RLDdod2B
610,n|2R.OMyvfddS
611,n|1W
612,o|4t|1N|4v|o|k|k|k|n|o|o|o|4X
613,o|5o|s|k|6F|36|k
614,a|9s
615,n|37.HFQvPRCI
616,n|1h.1B96TwWc
617,n|f.EFglCILP
618,o|5H|58|5X|9u|9v|5X|5X|2Z|k|9w
619,n|u
620,gd-0078c31b31-000019e575036fe
621,o|4W|3A|1|8C|9n|4X|o|k|2Z|k|k|k|k|36|36|n|k|o|5X|5X|k|k|k|4X|9I|k|37|37|9o|9p|61|9q|o|k|o|o|o|9L|9r|51|9t|k|k|4X|4X|k|k|58|4X|9x|o|o|k|4X|k|2Z|2y|o|o|k|1N|1J|n|n|o|n|k|4X|4X|4X|o|o|o|o|o|o|o|n|5T|11|4v|4d|5W|k|9y|o|o|o|5Y|o|||9z
622,n|V
623,2026-05-24T00:09:34.418Z
624,n|K.2NXi2usV
625,n|11.2MyKNZ9G6
626,n|1m
627,o|4t|1P|4v|o|k|k|k|o|o|o|o|5X
628,gd-0078c31b31-000019e5750858e
629,o|4W|3A|1|A1|A2|4X|o|k|2Z|k|k|k|k|36|36|o|k|o|k|k|4X|k|4X|k|9I|k|1v|4X|A3|A4|9j|A5|o|k|o|n|o|9L|A6|51|36|k|k|5X|k|k|k|58|4X|5J|o|o|k|5X|k|6u|4X|o|o|k|1P|1J|o|o|o|o|k|4X|4X|4X|o|o|o|o|o|o|o|o|5T|11|4v|4d|5W|1o|k|o|o|o|5Y|o|||A7
630,n|W
631,2026-05-24T00:09:43.727Z
632,n|1b.BrAzOoUj
633,n|4.RGyBO2g33
634,n|3w.3a6e1uCD
635,n|31.O5i7LFPT
636,o|5H|4X|k|AC|AD|5X|k|k|k|AE
637,gd-0078c31b31-000019e5750e184
638,o|4W|3A|1|A9|AA|4X|o|k|2Z|k|k|k|k|36|36|o|k|o|k|4X|4X|4X|k|k|9I|k|2y|5X|7B|AB|4h|A5|o|k|n|o|o|9L|A6|51|36|k|k|5X|k|k|k|58|4X|AF|o|o|k|5X|k|4X|4X|n|n|k|1P|1J|o|o|o|n|k|4X|4X|4X|o|o|o|o|o|o|n|n|5T|11|4v|4d|5W|1o|k|o|o|o|5Y|o|||AG
639,n|X
640,2026-05-24T00:09:59.420Z
641,n|16.MWO9LSnE
642,n|2I.BrAzObDU
643,n|1l
644,o|4t|1P|4v|o|k|k|k|n|o|o|o|5X
645,o|5o|1D|k|58|36|k
646,a|AO
647,n|35.MIhuEdqA
648,n|2g.HhOgytr5
649,n|P.3iAIZIoXV
650,o|5H|58|2Z|AQ|AR|5X|2Z|1o|k|AS
651,n|v
652,gd-0078c31b31-000019e575101eb
653,o|4W|3A|1|AI|AJ|4X|o|k|2Z|k|k|k|k|36|36|n|k|o|4X|4X|4X|k|k|4X|9I|k|6F|2Z|AK|AL|4h|AM|o|k|o|o|o|9L|AN|51|AP|k|k|5X|4X|k|k|58|5X|AT|o|o|k|5X|k|5X|1o|o|o|k|1P|1J|n|n|o|n|k|4X|4X|4X|o|o|o|o|o|o|o|n|5T|11|4v|4d|5W|1o|AU|o|o|o|5Y|o|||AV
654,2026-05-24T00:10:33.938Z
655,n|2A.HLsaNMoL
656,n|1z.JNQvvItv
657,o|4t|1R|4d|o|k|k|k|o|o|o|o|2Z
658,n|3B.18fXu3hW
659,n|4R.2AKdhA9x
660,n|5b.DW6yoPci
661,o|5H|4X|k|Ab|Ac|5X|k|k|k|Ad
662,gd-0078c31b31-000019e57515bf2
663,o|4W|3A|1|7r|AX|4X|o|k|2Z|k|k|k|k|36|36|o|k|o|k|k|5X|4X|k|k|9I|k|58|4X|AY|AZ|4h|9K|o|k|n|o|o|9L|Aa|51|36|k|k|2Z|k|k|k|58|5X|Ae|o|o|k|2Z|k|6F|1o|n|n|k|1R|1J|o|o|o|n|k|4X|4X|4X|o|o|o|o|o|o|n|n|5T|11|4d|4d|5W|k|k|o|o|o|5Y|o|||Af
664,n|Z
665,2026-05-24T00:10:58.314Z
666,n|2J.27014S1e
667,n|2D.6rczeHgs
668,o|4t|1R|4d|o|k|k|k|n|o|o|o|2Z
669,n|2y.CFtcKPjf
670,n|2H.8i5Fm3al
671,n|Y.McH4m5K2
672,o|5H|58|2Z|Am|An|5X|5X|1o|k|Ao
673,gd-0078c31b31-000019e5751c7f9
674,o|4W|3A|1|Ah|Ai|4X|o|k|2Z|k|k|k|k|36|36|n|k|o|4X|k|5X|k|k|4X|9I|k|6m|5X|Aj|Ak|61|k|o|k|o|o|o|9L|Al|51|9t|k|k|2Z|4X|k|k|58|2Z|Ap|o|o|k|2Z|k|6F|1o|o|o|k|1R|1J|n|n|o|n|k|4X|4X|4X|o|o|o|o|o|o|o|n|5T|11|4d|4d|5W|5X|9y|o|o|o|5Y|o|||Aq
675,n|a
676,2026-05-24T00:13:11.105Z
677,n|2m.7U1bV42T
678,n|2b.BrAzOoUo
679,o|4t|1D|4d|o|k|k|k|o|o|o|o|4X
680,gd-0078c31b31-000019e57523a36
681,o|4W|3A|1|As|At|5X|n|k|2Z|k|k|k|k|36|36|o|k|o|k|k|k|k|4X|k|4e|k|9G|4X|Au|Av|61|8s|o|k|o|n|o|69|Aw|51|36|k|k|6F|k|k|k|58|2Z|5J|o|o|k|4X|k|5K|2y|o|o|k|1D|1f|o|o|o|o|k|4X|4X|4X|o|o|o|o|o|o|o|o|5T|1d|4d|4d|5W|5X|k|o|o|o|5Y|o|||Ax
682,n|b
683,2026-05-24T00:13:24.773Z
684,n|2H.120VKAx4
685,n|2V.OMyvfRJ5
686,o|5H|38|k|k|k|k|k|k|k|k
687,gd-0078c31b31-000019e575427b4
688,o|4W|3A|1|Az|B0|5X|n|k|2Z|k|k|k|k|36|36|o|k|o|k|4X|k|4X|k|k|4e|k|9P|5X|B1|B2|4h|4i|o|k|n|o|o|69|Aw|51|36|k|k|6F|k|k|k|58|2Z|B3|o|o|k|4X|k|58|2y|n|n|k|1D|1f|o|o|o|n|k|4X|4X|4X|o|o|o|o|o|o|n|n|5T|1d|4d|4d|5W|5X|k|o|o|o|5Y|o|||B4
689,n|c
690,2026-05-24T00:13:40.887Z
691,n|2l.F6yTSxHc
692,n|2J.OMyvfcHS
693,gd-0078c31b31-000019e57545e8a
694,o|4W|3A|1|B6|B7|5X|n|k|2Z|k|k|k|k|36|36|o|k|o|4X|4X|k|k|4X|k|4e|k|9Y|2Z|B8|B9|61|68|o|k|o|n|o|69|Aw|51|36|k|k|6F|k|k|k|58|2Z|5J|o|o|k|4X|k|8g|1o|o|o|k|1D|1f|o|o|o|o|k|4X|4X|4X|o|o|o|o|o|o|o|o|5T|1d|4d|4d|5W|5X|k|o|o|o|5Y|o|||BA
695,n|d
696,2026-05-24T00:13:57.613Z
697,n|2K.JYyZfIe0
698,n|h.3rB3EIOq
699,n|4E.WhLahwm
700,n|4T.EuIrRaJd
701,o|5H|4X|2Z|BF|BG|4X|k|k|k|BH
702,gd-0078c31b31-000019e57549b2e
703,o|4W|3A|1|BC|BD|5X|n|k|2Z|k|k|k|k|36|36|o|k|o|4X|5X|k|4X|k|k|4e|k|9f|1o|BE|8d|4h|k|o|k|n|o|o|69|Aw|51|36|k|k|6F|k|k|k|58|2Z|BI|o|o|k|4X|k|6F|1o|o|o|k|1D|1f|o|o|o|n|k|4X|4X|4X|o|o|o|o|o|o|o|n|5T|1d|4d|4d|5W|5X|k|o|o|o|5Y|o|||BJ
704,n|e
705,2026-05-24T00:14:20.198Z
706,n|2d.I48WuRk
707,gd-0078c31b31-000019e5754e880
708,o|4W|3A|1|BL|BM|5X|n|k|2Z|k|k|k|k|36|36|o|k|o|5X|5X|k|k|4X|k|4e|k|8C|37|BN|7X|4h|5l|o|k|o|n|o|69|Aw|51|36|k|k|6F|k|k|k|58|2Z|5J|o|o|k|4X|k|8z|2y|o|o|k|1D|1f|o|o|o|o|k|4X|4X|4X|o|o|o|o|o|o|o|o|5T|1d|4d|4d|5W|5X|k|o|o|o|5Y|o|||BO
709,n|f
710,2026-05-24T00:14:41.589Z
711,n|25.13KpkMzr
712,n|22.EhER9Uto
713,o|4t|1D|4d|o|k|k|k|n|o|o|o|4X
714,o|5o|1V|k|1v|36|2Z
715,o|5o|1T|4X|2Z|36|k
716,a|BV|BW
717,n|1M.AJtmqfYt
718,n|2c.NZzZ8tHg
719,n|x.CKHa45kJ
720,o|5H|58|2Z|BY|BZ|4X|5X|5X|k|Ba
721,n|j
722,gd-0078c31b31-000019e5755376a
723,o|4W|3A|1|BQ|BR|5X|n|k|2Z|k|k|k|k|36|36|n|k|o|5X|2Z|k|k|k|4X|4e|k|A1|1v|BS|BT|4h|4i|o|k|o|o|o|69|BU|51|BX|k|k|6F|4X|k|k|58|1o|Bb|o|o|k|4X|k|6F|1o|o|o|k|1D|1f|n|n|o|n|k|4X|4X|4X|o|o|o|o|o|o|o|n|5T|1d|4d|4d|5W|5X|Bc|o|o|o|5Y|o|||Bd
724,2026-05-24T00:15:18.469Z
725,n|1C.5kip3pRT
726,o|4t|1G|4d|o|k|k|k|n|o|o|o|5X
727,n|1P.RQgVyNU6
728,n|2W.Gd50Pse0
729,n|y.2NpcNBsvL
730,o|5H|58|5X|Bi|Bj|2Z|4X|5X|k|Bk
731,gd-0078c31b31-000019e57559b2c
732,o|4W|3A|1|6j|Bf|5X|n|k|2Z|k|k|k|k|36|36|n|k|o|k|k|4X|k|k|4X|4e|k|A9|4X|Bg|B2|4h|5l|o|k|o|o|o|69|Bh|51|5q|k|k|58|4X|k|k|58|37|Bl|o|o|k|5X|k|2Z|58|n|o|k|1G|1f|n|n|o|n|k|4X|4X|4X|o|o|o|o|o|o|n|n|5T|1d|4d|4d|5W|1o|5v|o|o|o|5Y|o|||Bm
733,n|h
734,2026-05-24T00:15:50.491Z
735,n|1r.H20Rf7tF
736,n|2R.NP0ToeKx
737,o|4t|s|4d|o|k|k|k|o|o|o|o|2Z
738,gd-0078c31b31-000019e57562a60
739,o|4W|3A|1|Bo|Bp|5X|n|k|2Z|k|k|k|k|36|36|o|k|o|k|k|5X|4X|k|k|4e|k|AI|4X|Bq|Br|4h|4i|o|k|n|o|o|69|Bs|51|36|k|k|4X|4X|k|k|6F|37|5f|o|o|k|2Z|k|1v|6F|o|n|k|s|1f|o|o|o|o|k|4X|4X|4X|o|o|o|o|o|o|o|o|5T|1d|4d|4d|5W|5X|k|o|o|o|5Y|o|||Bt
740,n|i
741,2026-05-24T00:16:20.372Z
742,n|2C.FP2VDsm8
743,o|4t|s|4d|o|4X|k|k|o|o|o|o|2Z
744,a|5I
745,o|5o|1V|k|1v|Bz|k
746,a|C0
747,n|1K.1CTsTPqt
748,n|2V.O1Myliuy
749,n|11.NleqQCUy
750,o|5H|6F|2Z|C2|C3|4X|4X|5X|k|C4
751,gd-0078c31b31-000019e575696d8
752,o|4W|3A|1|Bv|Bw|5X|n|k|2Z|k|k|k|k|36|36|n|k|o|4X|k|5X|k|k|k|4e|k|7r|5X|Bx|8i|4h|4i|o|k|o|o|o|69|By|51|C1|k|k|4X|5X|k|k|6F|37|C5|o|o|k|2Z|k|58|2y|n|o|k|s|1f|n|n|o|n|k|4X|4X|4X|o|o|o|o|o|o|n|n|5T|1d|4d|4d|5W|5X|68|o|o|o|5Y|o|||C6
753,2026-05-24T00:16:40.585Z
754,balltype-000000000000000
755,o|4t|v|4v|o|k|k|k|o|o|o|o|1o
756,o|4z|s|o|k|k|k|o|o|o|o|2Z
757,o|4x|CB|50|50
758,a|A|59|5A|5B|5C|5D|5E|5F
759,o|CD|6L|k|k|k|k|k|k|k
760,gd-0078c31b31-000019e57571b07
761,o|4W|3A|1|Bc|C8|5X|n|k|2Z|k|k|k|k|36|36|o|4X|o|k|k|5X|k|k|k|4e|k|Ah|k|k|k|C9|k|o|k|o|o|o|69|CA|CC|36|k|k|5X|4X|k|k|58|37|CE|o|o|k|1o|k|k|k|o|o|k|v|1f|o|o|o|o|k|4X|4X|4X|o|o|o|o|o|o|o|o|5T|1d|4v|4d|5W|1o|k|o|o|o|5Y|o|||CF
762,n|k
763,2026-05-24T00:16:54.834Z
764,n|13.1B6gTOZ0
765,n|2f.6rczeU1v
766,n|1i
767,gd-0078c31b31-000019e57575341
768,o|4W|3A|1|CH|CI|5X|n|k|2Z|k|k|k|k|36|36|o|k|o|k|k|5X|4X|k|k|4e|k|Ah|4X|CJ|CK|61|CL|o|k|n|o|o|69|CA|CC|36|k|k|5X|4X|k|k|58|37|5f|o|o|k|1o|k|2Z|2y|o|n|k|v|1f|o|o|o|o|k|4X|4X|4X|o|o|o|o|o|o|o|o|5T|1d|4v|4d|5W|1o|k|o|o|o|5Y|o|||CM
769,n|l
770,2026-05-24T00:17:13.842Z
771,n|p.2NmLyrPr5
772,n|1H.BrAzObDZ
773,n|1y
774,o|4z|s|o|k|5X|k|o|o|o|o|2Z
775,o|4x|CT|50|50
776,gd-0078c31b31-000019e575793cf
777,o|4W|3A|1|CO|CP|5X|n|k|2Z|k|k|k|k|36|36|o|k|o|4X|k|5X|4X|k|k|4e|k|As|5X|CQ|CR|4h|CS|o|k|n|o|o|69|CA|CU|36|k|k|5X|4X|k|k|58|37|5f|o|o|k|1o|k|4X|4X|o|o|k|v|1f|o|o|o|o|k|4X|4X|4X|o|o|o|o|o|o|o|o|5T|1d|4v|4d|5W|5X|k|o|o|o|5Y|o|||CV
778,n|m
779,2026-05-24T00:17:39.443Z
780,n|1P.iaxNC1M
781,n|2S.Eut
782,n|1p
783,o|4x|50|CB|50
784,n|6.tfnl79S5
785,n|33.DrDgHCmY
786,n|1z.TseuOhp
787,o|5H|4X|2Z|Cd|Ce|5X|k|k|k|Cf
788,gd-0078c31b31-000019e5757e3bb
789,o|4W|3A|1|CX|CY|5X|n|k|2Z|k|k|k|k|36|36|o|k|o|5X|k|5X|k|k|k|4e|k|Az|2Z|CZ|Ca|8J|Cb|o|k|o|o|o|69|CA|Cc|36|k|k|5X|4X|k|k|58|37|Cg|o|o|k|1o|k|1v|6F|n|o|k|v|1f|o|o|o|n|k|4X|4X|4X|o|o|o|o|o|o|n|n|5T|1d|4v|4d|5W|1o|k|o|o|o|5Y|o|||Ch
790,n|n
791,2026-05-24T00:18:02.334Z
792,n|S.3LU76vSUa
793,n|1K.4zXzkLyj
794,n|8.134pCWqKf
795,n|4G.GRvhjgWS
796,n|3W.6g7RNnzT
797,o|5H|4X|2Z|Cn|Co|4X|k|k|k|Cp
798,gd-0078c31b31-000019e57585d49
799,o|4W|3A|1|Cj|Ck|5X|n|k|2Z|k|k|k|k|36|36|o|k|o|5X|k|5X|k|k|k|4e|k|B6|1o|Cl|Cm|8J|9k|o|k|o|o|o|69|CA|Cc|36|k|k|5X|4X|k|k|58|37|Cq|o|o|k|1o|k|6u|4X|o|o|k|v|1f|o|o|o|n|k|4X|4X|4X|o|o|o|o|o|o|o|n|5T|1d|4v|4d|5W|1o|k|o|o|o|5Y|o|||Cr
800,n|o
801,2026-05-24T00:18:24.702Z
802,n|H.1wMw2CxwZ
803,gd-0078c31b31-000019e5758bae6
804,o|4W|3A|1|Ct|Cu|5X|n|k|2Z|k|k|k|k|36|36|o|k|o|5X|k|5X|k|4X|k|4e|k|BC|37|Cv|AL|4h|CS|o|k|o|n|o|69|CA|Cc|36|k|k|5X|4X|k|k|58|37|5J|o|o|k|1o|k|38|1o|o|o|k|v|1f|o|o|o|o|k|4X|4X|4X|o|o|o|o|o|o|o|o|5T|1d|4v|4d|5W|5X|k|o|o|o|5Y|o|||Cw
805,n|p
806,2026-05-24T00:18:44.091Z
807,n|o.2QCjGRUHd
808,n|2Y.JNQvv40i
809,o|4t|v|4v|o|k|k|k|n|o|o|o|1o
810,o|4z|s|n|k|k|k|o|o|o|o|2Z
811,o|4x|50|D3|50
812,o|5o|1R|k|1o|36|k
813,a|D5
814,n|26.6w5pcv7J
815,n|30.88ZbKkPk
816,n|U.30ki01sNP
817,o|5H|58|5X|D7|D8|4X|5X|1o|k|D9
818,gd-0078c31b31-000019e5758fca5
819,o|4W|3A|1|Cy|Cz|5X|n|k|2Z|k|k|k|k|36|36|n|k|o|5X|4X|5X|k|k|4X|4e|k|BL|1v|D0|D1|61|8s|o|k|o|o|o|69|D2|D4|D6|k|k|5X|5X|k|k|58|1v|DA|o|o|k|1o|k|2Z|2y|o|o|k|v|1f|n|n|o|n|k|4X|4X|4X|o|o|o|o|o|o|o|n|5T|1d|4v|4d|5W|5X|Bo|o|o|o|5Y|o|||DB
820,n|q
821,2026-05-24T00:21:08.904Z
822,n|1H.M6y0KoPY
823,n|2X.BrAzOb4P
824,n|1X
825,o|4t|1T|4d|o|k|k|k|o|o|o|o|4X
826,gd-0078c31b31-000019e57594a55
827,o|4W|3A|1|DD|DE|5X|o|k|2Z|k|k|k|k|36|36|o|k|o|k|k|k|4X|k|k|9I|k|6u|4X|DF|DG|61|DH|n|k|n|o|o|9L|DI|51|36|k|k|1o|k|k|k|7S|2Z|5f|o|o|k|4X|k|2Z|58|o|n|k|1T|1J|o|o|o|o|k|4X|4X|4X|o|o|o|o|o|o|o|o|5T|11|4d|4d|5W|5X|k|o|o|o|5Y|o|||DJ
828,n|r
829,2026-05-24T00:21:18.375Z
830,n|Z.KhFZpxDz
831,n|3T.6rczeHpH
832,n|1U
833,gd-0078c31b31-000019e575b7cc5
834,o|4W|3A|1|DL|DM|5X|o|k|2Z|k|k|k|k|36|36|o|k|o|4X|k|k|k|4X|k|9I|k|38|5X|DN|DO|61|DP|n|k|o|n|o|9L|DI|51|36|k|k|1o|k|k|k|7S|2Z|5J|o|o|k|4X|k|5I|58|o|o|k|1T|1J|o|o|o|o|k|4X|4X|4X|o|o|o|o|o|o|o|o|5T|11|4d|4d|5W|5X|k|o|o|o|5Y|o|||DQ
835,n|s
836,2026-05-24T00:21:40.076Z
837,n|1L.CiyAeqE5
838,n|1o
839,n|9.1Wd1BuvYp
840,n|4S.FpzBIE1d
841,n|3h.CqXedbk5
842,o|5H|4X|2Z|DW|DX|5X|k|k|k|DY
843,gd-0078c31b31-000019e575ba146
844,o|4W|3A|1|DS|DT|5X|o|k|2Z|k|k|k|k|36|36|o|k|o|4X|4X|k|4X|k|k|9I|k|5e|2Z|DU|73|4h|DV|o|k|n|o|o|9L|DI|51|36|k|k|1o|k|k|k|7S|2Z|DZ|o|o|k|4X|k|1o|5X|n|o|k|1T|1J|o|o|o|n|k|4X|4X|4X|o|o|o|o|o|o|n|n|5T|11|4d|4d|5W|5X|k|o|o|o|5Y|o|||Da
845,2026-05-24T00:21:54.372Z
846,n|2k.C4y3uJ3t
847,n|1v.JNQvv5TW
848,n|1s
849,gd-0078c31b31-000019e575c0069
850,o|4W|3A|1|9D|Dc|5X|o|k|2Z|k|k|k|k|36|36|o|k|o|5X|4X|k|k|4X|k|9I|k|5I|1o|Dd|De|9j|Df|o|k|o|n|o|9L|DI|51|36|k|k|1o|k|k|k|7S|2Z|5J|o|o|k|4X|k|8g|1o|o|o|k|1T|1J|o|o|o|o|k|4X|4X|4X|o|o|o|o|o|o|o|o|5T|11|4d|4d|5W|5X|k|o|o|o|5Y|o|||Dg
851,2026-05-24T00:22:08.477Z
852,n|2n.7fyYctp2
853,gd-0078c31b31-000019e575c4416
854,o|4W|3A|1|9y|Di|5X|o|k|2Z|k|k|k|k|36|36|o|k|o|5X|5X|k|k|4X|k|9I|k|7S|37|Dj|6K|4h|A5|o|k|o|n|o|9L|DI|51|36|k|k|1o|k|k|k|7S|2Z|5J|o|o|k|4X|k|8R|4X|o|o|k|1T|1J|o|o|o|o|k|4X|4X|4X|o|o|o|o|o|o|o|o|5T|11|4d|4d|5W|5X|k|o|o|o|5Y|o|||Dk
855,2026-05-24T00:22:23.475Z
856,n|2f.BrAzOcQP
857,o|4t|1T|4d|o|4X|k|k|o|o|o|o|4X
858,gd-0078c31b31-000019e575c59fe
859,o|4W|3A|1|AU|Dm|5X|o|k|2Z|k|k|k|k|36|36|n|k|o|5X|2Z|k|k|4X|k|9I|k|6i|1v|B8|Dn|4h|k|o|k|o|n|o|9L|Do|51|36|k|k|1o|4X|k|k|7S|2Z|7q|o|o|k|4X|k|5K|2y|o|o|k|1T|1J|n|n|o|o|k|4X|4X|4X|o|o|o|o|o|o|o|o|5T|11|4d|4d|5W|5X|7r|o|o|o|5Y|o|||Dp
860,n|w
861,2026-05-24T00:22:57.260Z
862,n|2P.DQgBJn5C
863,n|S.3JdWKbJ0M
864,o|4t|1V|4d|o|k|k|k|o|o|o|o|5X
865,o|4z|1T|o|k|k|k|o|o|o|o|4X
866,o|4x|Dw|50|50
867,gd-0078c31b31-000019e575cb15f
868,o|4W|3A|1|Dr|Ds|5X|o|k|2Z|k|k|k|k|36|36|o|k|o|k|k|k|k|4X|k|9I|k|6L|4X|Dt|Du|4h|9K|o|k|o|n|o|9L|Dv|Dx|36|k|k|37|k|k|k|58|2Z|5J|o|o|k|5X|k|7u|4X|o|o|k|1V|1J|o|o|o|o|k|4X|4X|4X|o|o|o|o|o|o|o|o|5T|11|4d|4d|5W|5X|k|o|o|o|5Y|o|||Dy
869,n|x
870,2026-05-24T00:23:12.159Z
871,plan-000000067c176c3
872,a|E2
873,n|2g.1eUHIFhy
874,n|1K.DYo
875,n|12.I8AtmnK
876,n|3z.CAj2YpZZ
877,n|5W.Hq5PXtrw
878,o|5H|4X|k|E6|E7|4X|k|k|k|E8
879,gd-0078c31b31-000019e575d1f35
880,o|4W|3A|1|E0|E1|5X|o|k|2Z|k|k|k|k|36|E3|o|k|o|k|4X|k|4X|k|k|9I|k|7l|5X|E4|E5|4h|AM|o|k|n|o|o|9L|Dv|Dx|36|k|k|37|k|k|k|58|2Z|E9|o|o|k|5X|k|8a|4X|n|n|k|1V|1J|o|o|o|n|k|4X|4X|4X|o|o|o|o|o|o|n|n|5T|11|4d|4d|5W|5X|k|o|o|o|5Y|o|||EA
881,n|y
882,2026-05-24T00:23:34.934Z
883,gd-0078c31b31-000019e575d72dd
884,o|4W|3A|1|EC|ED|5X|o|k|2Z|k|k|k|k|36|36|o|4X|o|4X|4X|k|k|k|k|9I|k|7u|5X|k|k|C9|k|o|k|o|o|o|9L|Dv|Dx|36|k|k|37|k|k|k|58|2Z|CE|o|o|k|5X|k|k|k|o|o|k|1V|1J|o|o|o|o|k|4X|4X|4X|o|o|o|o|o|o|o|o|5T|11|4d|4d|5W|5X|k|o|o|o|5Y|o|||EE
885,n|z
886,2026-05-24T00:23:46.660Z
887,n|U.4JE9zdcw
888,n|3V.OMyvfRJA
889,gd-0078c31b31-000019e575da574
890,o|4W|3A|1|EG|EH|5X|o|k|2Z|k|k|k|k|36|36|o|k|o|4X|4X|k|k|4X|k|9I|k|7u|2Z|EI|EJ|61|9q|o|k|o|n|o|9L|Dv|Dx|36|k|k|37|k|k|k|58|2Z|5J|o|o|k|5X|k|5I|58|o|o|k|1V|1J|o|o|o|o|k|4X|4X|4X|o|o|o|o|o|o|o|o|5T|11|4d|4d|5W|5X|k|o|o|o|5Y|o|||EK
891,n|10
892,2026-05-24T00:24:04.979Z
893,n|2l.ISKNvdnC
894,gd-0078c31b31-000019e575ddc94
895,o|4W|3A|1|EM|EN|5X|o|k|2Z|k|k|k|k|36|36|o|k|o|4X|5X|k|k|4X|k|9I|k|8F|1o|EO|92|4h|9K|o|k|o|n|o|9L|Dv|Dx|36|k|k|37|k|k|k|58|2Z|5J|o|o|k|5X|k|8a|4X|o|o|k|1V|1J|o|o|o|o|k|4X|4X|4X|o|o|o|o|o|o|o|o|5T|11|4d|4d|5W|5X|k|o|o|o|5Y|o|||EP
896,2026-05-24T00:24:22.530Z
897,plan-000000067c1766a
898,a|ES
899,n|28.2KSDylMh
900,o|4t|1V|4d|o|k|k|k|n|o|o|o|5X
901,o|5o|11|k|5X|36|k
902,a|EW
903,n|l.1wVt330U
904,n|3e.NwlZuYpP
905,n|y.2wozrUVmu
906,o|5H|58|k|EY|EZ|5X|4X|5X|k|Ea
907,gd-0078c31b31-000019e575e22d5
908,o|4W|3A|1|5v|ER|5X|o|k|2Z|k|k|k|k|36|ET|n|k|o|4X|2Z|k|k|k|4X|9I|k|8R|37|EU|DG|4h|9K|o|k|o|o|o|9L|EV|Dx|EX|k|k|37|4X|k|k|58|1o|Eb|o|o|k|5X|k|58|2y|o|o|k|1V|1J|n|n|o|n|k|4X|4X|4X|o|o|o|o|o|o|o|n|5T|11|4d|4d|5W|5X|Ct|o|o|o|5Y|o|||Ec
909,n|12
910,2026-05-24T00:24:50.489Z
911,n|1o.L80AiIaD
912,n|2F.OMyvfRQj
913,o|4t|1X|4d|o|k|k|k|o|o|o|o|2Z
914,gd-0078c31b31-000019e575e9c8e
915,o|4W|3A|1|Ee|Ef|5X|o|k|2Z|k|k|k|k|36|36|o|k|o|k|k|4X|4X|k|k|9I|k|8a|4X|Eg|Eh|4h|A5|o|k|n|o|o|9L|Ei|Dx|36|k|k|1v|k|k|k|A1|1o|B3|o|o|k|2Z|k|37|37|n|n|k|1X|1J|o|o|o|n|k|4X|4X|4X|o|o|o|o|o|o|n|n|5T|11|4d|4d|5W|5X|k|o|o|o|5Y|o|||Ej
916,n|13
917,2026-05-24T00:25:03.381Z
918,gd-0078c31b31-000019e575ed2c1
919,o|4W|3A|1|El|Em|5X|o|k|2Z|k|k|k|k|36|36|o|4X|o|4X|k|4X|k|k|k|9I|k|8g|4X|k|k|C9|k|o|k|o|o|o|9L|Ei|Dx|36|k|k|1v|k|k|k|A1|1o|CE|o|o|k|2Z|k|k|k|o|o|k|1X|1J|o|o|o|o|k|4X|4X|4X|o|o|o|o|o|o|o|o|5T|11|4d|4d|5W|5X|k|o|o|o|5Y|o|||En
920,n|14
921,2026-05-24T00:25:14.328Z
922,n|27.28VGBOAJ
923,n|1X.BrAzOb4K
924,gd-0078c31b31-000019e575eff6a
925,o|4W|3A|1|Ep|Eq|5X|o|k|2Z|k|k|k|k|36|36|o|k|o|4X|k|4X|4X|k|k|9I|k|8g|5X|Er|Es|4h|AM|o|k|n|o|o|9L|Ei|Dx|36|k|k|1v|k|k|k|A1|1o|B3|o|o|k|2Z|k|2y|4X|o|o|k|1X|1J|o|o|o|n|k|4X|4X|4X|o|o|o|o|o|o|o|n|5T|11|4d|4d|5W|5X|k|o|o|o|5Y|o|||Et
926,n|15
927,2026-05-24T00:25:30.595Z
928,n|1u.9oiXVBy5
929,n|1p.DZe
930,n|K.8pFP9lew
931,n|3p.GEqp8OOX
932,o|5H|4X|k|Ez|75|4X|k|k|k|F0
933,gd-0078c31b31-000019e575f2fcd
934,o|4W|3A|1|Ev|Ew|5X|o|k|2Z|k|k|k|k|36|36|o|k|o|5X|k|4X|k|k|k|9I|k|5K|2Z|Ex|Ey|9j|9k|o|k|o|o|o|9L|Ei|Dx|36|k|k|1v|k|k|k|A1|1o|F1|o|o|k|2Z|k|37|37|o|o|k|1X|1J|o|o|o|n|k|4X|4X|4X|o|o|o|o|o|o|o|n|5T|11|4d|4d|5W|5X|k|o|o|o|5Y|o|||F2
935,n|16
936,2026-05-24T00:25:48.752Z
937,n|1E.k7HU4PO
938,n|3Q.6rczeTtW
939,gd-0078c31b31-000019e575f74c6
940,o|4W|3A|1|F4|F5|5X|o|k|2Z|k|k|k|k|36|36|o|k|o|5X|k|4X|k|4X|k|9I|k|8z|1o|F6|F7|61|k|o|k|o|n|o|9L|Ei|Dx|36|k|k|1v|k|k|k|A1|1o|5J|o|o|k|2Z|k|6i|58|o|o|k|1X|1J|o|o|o|o|k|4X|4X|4X|o|o|o|o|o|o|o|o|5T|11|4d|4d|5W|5X|k|o|o|o|5Y|o|||F8
941,n|17
942,2026-05-24T00:26:05.117Z
943,n|2G.9MDsiyTm
944,n|g.2fNmrdf1y
945,n|2j.MkIt8vy6
946,n|4Q.12SHRQvb
947,n|5Z.DKGpevaw
948,o|5H|4X|2Z|FE|FF|5X|k|k|k|FG
949,gd-0078c31b31-000019e575fb564
950,o|4W|3A|1|FA|FB|5X|o|k|2Z|k|k|k|k|36|36|o|k|o|5X|4X|4X|k|k|k|9I|k|9G|37|FC|FD|4h|DV|o|k|o|o|o|9L|Ei|Dx|36|k|k|1v|k|k|k|A1|1o|FH|o|o|k|2Z|k|7u|4X|o|o|k|1X|1J|o|o|o|n|k|4X|4X|4X|o|o|o|o|o|o|o|n|5T|11|4d|4d|5W|5X|k|o|o|o|5Y|o|||FI
951,n|18
952,2026-05-24T00:26:32.087Z
953,n|2j.Bt1DTuIn
954,n|19.BrAzOcRF
955,gd-0078c31b31-000019e575ffe16
956,o|4W|3A|1|FK|FL|5X|o|k|2Z|k|k|k|k|36|36|o|k|o|5X|4X|4X|k|4X|k|9I|k|9P|1v|FM|FN|4h|DV|o|k|o|n|o|9L|Ei|Dx|36|k|k|1v|k|k|k|A1|1o|5J|o|o|k|2Z|k|8a|4X|o|o|k|1X|1J|o|o|o|o|k|4X|4X|4X|o|o|o|o|o|o|o|o|5T|11|4d|4d|5W|5X|k|o|o|o|5Y|o|||FO
957,n|19
958,2026-05-24T00:26:54.888Z
959,n|w.HadFPFeO
960,n|3P.7pbRV3T0
961,n|1Y
962,o|4t|1X|4d|o|k|k|k|n|o|o|o|2Z
963,o|4z|1T|o|k|5X|k|o|o|o|o|4X
964,o|4x|FW|50|50
965,o|5o|11|k|5X|36|1o
966,o|5o|1G|4X|1o|36|k
967,a|FY|FZ
968,o|5H|A1|k|k|k|k|k|k|k|k
969,gd-0078c31b31-000019e576060ee
970,o|4W|3A|1|FQ|FR|5X|o|k|2Z|k|k|k|k|36|36|n|k|o|5X|5X|4X|4X|k|4X|9I|k|9Y|2y|FS|FT|61|FU|o|4X|n|o|o|9L|FV|FX|Fa|k|k|1v|4X|k|k|A1|37|Fb|o|o|k|2Z|k|6i|58|o|o|k|1X|1J|n|n|n|n|k|4X|4X|4X|o|o|o|o|o|o|o|n|5T|11|4d|4d|5W|k|A1|o|o|o|5Y|o|||Fc
971,n|1A
972,2026-05-24T00:27:29.258Z
973,n|2D.DG3fJaMj
974,n|2K.DYt
975,o|4t|1Z|4d|o|k|k|k|n|o|o|o|1o
976,o|4z|1T|n|k|k|k|o|o|o|o|4X
977,o|4x|50|Fj|50
978,o|5o|14|k|1v|36|2Z
979,o|5o|17|4X|2Z|36|k
980,a|Fl|Fm
981,n|1e.A6XwAPgB
982,n|2W.NSpPlB5w
983,n|r.Fae9Dr5w
984,o|5H|58|2Z|Fo|Fp|4X|5X|2Z|k|Fq
985,gd-0078c31b31-000019e5760f553
986,o|4W|3A|1|Fe|Ff|5X|o|k|2Z|k|k|k|k|36|36|n|k|o|k|k|5X|k|k|4X|9I|k|9f|4X|Fg|Fh|61|9q|o|k|o|o|o|9L|Fi|Fk|Fn|k|k|2y|4X|k|k|58|1v|Fr|o|o|k|1o|k|6F|1o|n|o|k|1Z|1J|n|n|o|n|k|4X|4X|4X|o|o|o|o|o|o|n|n|5T|11|4d|4d|5W|5X|Bc|o|o|o|5Y|o|||Fs
987,n|1B
988,2026-05-24T00:29:45.631Z
989,n|s.3BKExUjs7
990,n|2b.6rczeGLY
991,o|4t|y|4v|o|k|k|k|o|o|o|o|4X
992,gd-0078c31b31-000019e5761567b
993,o|4W|3A|1|Fu|Fv|2Z|n|k|2Z|k|k|k|k|36|36|o|k|o|k|k|k|4X|k|k|4e|k|BQ|4X|Fw|Fx|4h|5l|o|k|n|o|o|69|Fy|51|36|k|k|2Z|4X|4X|k|5X|1v|5f|o|o|k|4X|k|2Z|2y|o|n|k|y|1f|o|o|o|o|k|4X|4X|4X|o|o|o|o|o|o|o|o|5T|1d|4v|4d|5W|1o|k|o|o|o|5Y|o|||Fz
994,n|1C
995,2026-05-24T00:29:58.291Z
996,n|1I.Jf0Fn13R
997,gd-0078c31b31-000019e57635cdb
998,o|4W|3A|1|G1|G2|2Z|n|k|2Z|k|k|k|k|36|36|o|k|o|4X|k|k|k|4X|k|4e|k|6j|5X|G3|7c|8J|9K|o|k|o|n|o|69|Fy|51|36|k|k|2Z|4X|4X|k|5X|1v|5J|o|o|k|4X|k|7l|6F|o|o|k|y|1f|o|o|o|o|k|4X|4X|4X|o|o|o|o|o|o|o|o|5T|1d|4v|4d|5W|1o|k|o|o|o|5Y|o|||G4
999,n|1D
1000,2026-05-24T00:30:19.458Z
1001,n|2g.OHHHMjtD
1002,n|1G.4zXzk8IM
1003,n|4A.1B96TwP3
1004,n|4D.2D7HWWhi
1005,n|5i.I5iQGOUA
1006,o|5H|4X|5X|GA|GB|2Z|k|k|k|GC
1007,gd-0078c31b31-000019e57638ac7
1008,o|4W|3A|1|G6|G7|2Z|n|k|2Z|k|k|k|k|36|36|o|k|o|4X|4X|k|4X|k|k|4e|k|Bo|2Z|G8|G9|4h|6R|o|k|n|o|o|69|Fy|51|36|k|k|2Z|4X|4X|k|5X|1v|GD|o|o|k|4X|k|8a|2Z|n|o|k|y|1f|o|o|o|n|k|4X|4X|4X|o|o|o|o|o|o|n|n|5T|1d|4v|4d|5W|4X|k|o|o|o|5Y|o|||GE
1009,n|1E
1010,2026-05-24T00:30:49.275Z
1011,n|1V.C2ICcTaP
1012,o|4t|y|4v|o|4X|k|k|o|o|o|o|4X
1013,n|34.BWc2Xjru
1014,n|D.9r4uJ1Q9
1015,o|5H|5X|5X|GK|8M|2Z|2Z|37|k|GL
1016,gd-0078c31b31-000019e5763fe75
1017,o|4W|3A|1|GG|GH|2Z|n|k|2Z|k|k|k|k|36|36|n|k|o|5X|4X|k|k|k|k|4e|k|Bv|1o|GI|5d|4h|k|o|k|o|o|o|69|GJ|51|83|k|k|2Z|5X|5X|k|5X|1v|GM|o|o|k|4X|k|1v|6F|o|o|k|y|1f|n|n|o|n|k|4X|4X|4X|o|o|o|o|o|o|o|n|5T|1d|4v|4d|5W|1o|58|o|o|o|5Y|o|||GN
1018,n|1F
1019,2026-05-24T00:31:21.065Z
1020,n|P.ISOQu3gm
1021,n|2c.JNQvvHh5
1022,o|4t|11|4v|o|k|k|k|o|o|o|o|5X
1023,o|4z|y|o|k|k|k|o|o|o|o|4X
1024,o|4x|GU|50|50
1025,gd-0078c31b31-000019e57646369
1026,o|4W|3A|1|GP|GQ|2Z|n|k|2Z|k|k|k|k|36|36|o|k|o|k|k|k|k|4X|k|4e|k|Bc|4X|GR|GS|61|8s|o|k|o|n|o|69|GT|GV|36|k|k|1o|4X|k|k|7r|1v|5J|o|o|k|5X|k|5e|2y|o|o|k|11|1f|o|o|o|o|k|4X|4X|4X|o|o|o|o|o|o|o|o|5T|1d|4v|4d|5W|1o|k|o|o|o|5Y|o|||GW
1027,n|1G
1028,2026-05-24T00:31:51.847Z
1029,n|1J.ECbTemDP
1030,n|34.OMyvfcAe
1031,o|4t|11|4v|o|4X|k|k|o|o|o|o|5X
1032,o|4z|y|o|2Z|k|k|o|o|o|o|4X
1033,o|4x|Gd|50|50
1034,a|5e
1035,o|5o|1d|k|5X|Gf|k
1036,a|Gg
1037,n|11.Kii9SIqc
1038,n|3e.P4dwAI3v
1039,n|T.2HI5V5yro
1040,o|5H|7r|k|Gi|Gj|4X|2Z|1o|k|Gk
1041,gd-0078c31b31-000019e5764cba0
1042,o|4W|3A|1|GY|GZ|2Z|n|k|2Z|k|k|k|k|36|36|n|k|o|k|4X|k|k|k|k|4e|k|CH|5X|Ga|Gb|4h|5l|o|k|o|o|o|69|Gc|Ge|Gh|k|k|1o|5X|k|k|7r|1v|Gl|o|o|k|5X|k|1v|6F|n|o|k|11|1f|n|n|o|n|k|4X|4X|4X|n|o|o|o|o|o|o|o|5T|1d|4v|4d|5W|k|9k|o|o|o|5Y|o|||Gm
1043,n|1H
1044,2026-05-24T00:32:56.022Z
1045,n|11.5yB22i52
1046,n|a.2wEVqmpVW
1047,o|4t|14|4v|o|k|k|k|o|o|o|o|2Z
1048,o|4z|11|o|k|k|k|o|o|o|o|5X
1049,o|4x|Gt|50|GU
1050,gd-0078c31b31-000019e576586b7
1051,o|4W|3A|1|Go|Gp|2Z|n|k|2Z|k|k|k|k|36|36|o|k|o|k|k|k|k|4X|k|4e|k|CO|4X|Gq|Gr|61|8s|o|k|o|n|o|69|Gs|Gu|36|k|k|37|4X|4X|k|5X|1v|5J|o|o|k|2Z|k|7S|4X|o|o|k|14|1f|o|o|o|o|k|4X|4X|4X|o|o|o|o|o|o|o|o|5T|1d|4v|4d|5W|5X|k|o|o|o|5Y|o|||Gv
1052,n|1I
1053,2026-05-24T00:33:15.041Z
1054,n|R.E8sUDBge
1055,gd-0078c31b31-000019e57663e6b
1056,o|4W|3A|1|Gx|Gy|2Z|n|k|2Z|k|k|k|k|36|36|o|k|o|k|4X|k|k|4X|k|4e|k|CX|5X|Gz|8i|61|8s|o|k|o|n|o|69|Gs|Gu|36|k|k|37|4X|4X|k|5X|1v|5J|o|o|k|2Z|k|5e|2y|o|o|k|14|1f|o|o|o|o|k|4X|4X|4X|o|o|o|o|o|o|o|o|5T|1d|4v|4d|5W|1o|k|o|o|o|5Y|o|||H0
1057,n|1J
1058,2026-05-24T00:33:34.314Z
1059,gd-0078c31b31-000019e57668567
1060,o|4W|3A|1|H2|H3|2Z|n|k|2Z|k|k|k|k|36|36|o|k|o|k|5X|k|4X|k|k|4e|k|Cj|2Z|6Z|Ca|9j|9k|o|k|n|o|o|69|Gs|Gu|36|k|k|37|4X|4X|k|5X|1v|5f|o|o|k|2Z|k|2Z|2y|o|n|k|14|1f|o|o|o|o|k|4X|4X|4X|o|o|o|o|o|o|o|o|5T|1d|4v|4d|5W|5X|k|o|o|o|5Y|o|||H4
1061,n|1K
1062,2026-05-24T00:33:51.129Z
1063,n|B.NIYFnQEe
1064,n|27.OMyvfQ6K
1065,balltype-000000068a431ea
1066,n|1b
1067,gd-0078c31b31-000019e5766e3a9
1068,o|4W|3A|1|H6|H7|2Z|n|k|2Z|k|k|k|k|36|36|o|k|o|4X|5X|k|k|4X|k|4e|k|Ct|1o|H8|H9|HA|HB|o|k|o|n|o|69|Gs|Gu|36|k|k|37|4X|4X|k|5X|1v|5J|o|o|k|2Z|k|38|1o|o|o|k|14|1f|o|o|o|o|k|4X|4X|4X|o|o|o|o|o|o|o|o|5T|1d|4v|4d|5W|1o|k|o|o|o|5Y|o|||HC
1069,n|1L
1070,2026-05-24T00:34:15.720Z
1071,n|2P.6rczeTtb
1072,n|1t
1073,o|4t|14|4v|o|4X|k|k|o|o|o|o|2Z
1074,o|4z|11|o|5X|k|k|o|o|o|o|5X
1075,o|4z|y|o|1o|k|k|o|o|o|n|4X
1076,o|4x|HJ|50|HK
1077,n|3J.YW7I3By
1078,n|D.2l6w8BCiQ
1079,o|5H|5X|5X|Am|HM|2Z|2Z|37|k|HN
1080,o|5P|5S|5S|5S|88
1081,o|5P|5V|5V|5V|8A
1082,gd-0078c31b31-000019e57671e52
1083,o|4W|3A|1|HE|HF|2Z|n|4X|2Z|k|k|4X|4X|36|36|n|k|o|4X|2Z|k|k|k|k|4e|k|Cy|37|Gq|HG|4h|HH|o|k|o|o|o|69|HI|HL|83|k|4X|37|5X|5X|4X|5X|1v|HO|o|o|k|2Z|k|5X|1o|n|o|k|14|1f|n|n|o|n|k|4X|4X|4X|o|o|o|o|o|o|n|n|HP|1d|4v|4d|HQ|5X|58|o|o|o|5Y|o|||HR
1084,n|1M
1085,2026-05-24T00:34:55.512Z
1086,n|1G.ORtnMwbg
1087,n|2N.NP0ToqfK
1088,o|4t|17|4v|o|k|k|k|n|o|o|o|1o
1089,o|4z|14|o|5X|k|k|o|o|o|o|2Z
1090,o|4z|11|o|2Z|k|k|o|o|o|o|5X
1091,o|4x|HY|HZ|50
1092,o|5o|1f|k|4X|36|2Z
1093,a|Hb|BW
1094,n|10.FZOl7I6Y
1095,n|3Z.N1NILKQ1
1096,n|d.CUkXLmt1
1097,o|5H|6m|k|Hd|He|4X|5X|2Z|k|Hf
1098,gd-0078c31b31-000019e57679040
1099,o|4W|3A|1|HT|HU|2Z|n|k|1o|k|k|k|k|36|36|n|k|o|k|k|k|k|k|4X|4e|k|DD|4X|HV|HW|4h|5l|o|k|o|o|o|69|HX|Ha|Hc|k|k|1v|5X|4X|k|6m|2y|Hg|o|o|k|1o|k|5X|1o|n|o|k|17|1f|n|n|o|n|k|4X|4X|4X|n|o|o|o|o|o|o|o|5T|1d|4v|4d|5W|k|Ev|o|o|o|5Y|o|||Hh
1100,n|1N
1101,2026-05-24T00:35:33.331Z
1102,n|22.9hgRPMTj
1103,o|4t|1A|4d|o|k|k|k|o|o|o|o|37
1104,o|4z|14|o|k|k|k|o|o|o|o|2Z
1105,o|4x|50|Hn|Gt
1106,n|V.2oqSR04x3
1107,n|3h.A6XwAPXm
1108,n|23.N19F7pNH
1109,o|5H|4X|2Z|Hp|Hq|4X|k|k|k|Hr
1110,gd-0078c31b31-000019e57682fb1
1111,o|4W|3A|1|Hj|Hk|2Z|n|k|1o|k|k|k|k|36|36|o|k|o|k|k|4X|4X|k|k|4e|k|DL|4X|Fg|Hl|61|AM|o|k|n|o|o|69|Hm|Ho|36|k|k|2y|4X|k|k|5X|2y|Hs|o|o|k|37|k|6F|1o|n|n|k|1A|1f|o|o|o|n|k|4X|4X|4X|o|o|o|o|o|o|n|n|5T|1d|4d|4d|5W|5X|k|o|o|o|5Y|o|||Ht
1112,n|1O
1113,2026-05-24T00:36:01.417Z
1114,n|z.DBSpR3iO
1115,n|1t.4zXzk9db
1116,n|N.1HrLaQAkZ
1117,n|21.Jj531z2j
1118,n|1a.B7rhSzni
1119,o|5H|4X|5X|Hz|I0|4X|k|k|k|I1
1120,gd-0078c31b31-000019e5768ae57
1121,o|4W|3A|1|Hv|Hw|2Z|n|k|1o|k|k|k|k|36|36|o|k|o|4X|k|4X|4X|k|k|4e|k|DS|5X|Hx|Hy|61|k|o|k|n|o|o|69|Hm|Ho|36|k|k|2y|4X|k|k|5X|2y|I2|o|o|k|37|k|5X|1v|o|o|k|1A|1f|o|o|o|n|k|4X|4X|4X|o|o|o|o|o|o|o|n|5T|1d|4d|4d|5W|5X|k|o|o|o|5Y|o|||I3
1122,n|1P
1123,2026-05-24T00:36:34.540Z
1124,n|1G.8P
1125,o|4t|1A|4d|o|4X|k|k|o|o|o|o|37
1126,o|4z|14|o|2Z|k|k|o|o|o|o|2Z
1127,o|4z|11|o|1o|k|k|o|o|o|n|5X
1128,o|4x|50|I9|IA
1129,n|32.hBrKANA
1130,n|D.478PM97s
1131,o|5H|5X|5X|IC|8M|2Z|2Z|37|k|ID
1132,gd-0078c31b31-000019e57691f28
1133,o|4W|3A|1|I5|I6|2Z|n|4X|1o|k|k|4X|4X|36|36|n|k|o|5X|k|4X|k|k|k|4e|k|9D|2Z|EU|I7|4h|CS|o|k|o|o|o|69|I8|IB|83|k|4X|2y|5X|4X|4X|5X|2y|IE|o|o|k|37|k|2y|4X|o|o|k|1A|1f|n|n|o|n|k|4X|4X|4X|o|o|o|o|o|o|o|n|HP|1d|4d|4d|HQ|5X|58|o|o|o|5Y|o|||IF
1134,n|1Q
1135,2026-05-24T00:37:13.023Z
1136,n|2A.Mq2WlNGB
1137,n|28.1MA
1138,o|4t|1D|4d|o|k|k|k|o|o|o|o|1v
1139,o|4z|1A|o|k|k|k|o|o|o|o|37
1140,o|4x|IM|50|Hn
1141,n|4U.Eke0TbrF
1142,n|5Y.J1qxJNzd
1143,o|5H|4X|2Z|Am|IO|5X|k|k|k|IP
1144,gd-0078c31b31-000019e5769c3ca
1145,o|4W|3A|1|IH|II|2Z|n|k|37|k|k|k|k|36|36|o|k|o|k|k|4X|4X|k|k|4e|k|9y|4X|IJ|IK|4h|5l|o|k|n|o|o|69|IL|IN|36|k|k|6F|4X|k|k|5X|2y|IQ|o|o|k|1v|k|6F|1o|n|n|k|1D|1f|o|o|o|n|k|4X|4X|4X|o|o|o|o|o|o|n|n|5T|1d|4d|4d|5W|5X|k|o|o|o|5Y|o|||IR
1146,n|1R
1147,2026-05-24T00:37:40.915Z
1148,n|1p.IVdkf3cb
1149,gd-0078c31b31-000019e576a32c5
1150,o|4W|3A|1|IT|IU|2Z|n|k|37|k|k|k|k|36|36|o|k|o|4X|k|4X|k|4X|k|4e|k|AU|5X|IV|F7|4h|Df|o|k|o|n|o|69|IL|IN|36|k|k|6F|4X|k|k|5X|2y|5J|o|o|k|1v|k|7l|6F|o|o|k|1D|1f|o|o|o|o|k|4X|4X|4X|o|o|o|o|o|o|o|o|5T|1d|4d|4d|5W|1o|k|o|o|o|5Y|o|||IW
1151,n|1S
1152,2026-05-24T00:37:58.703Z
1153,n|2a.FpZQ61KW
1154,n|3Q.BrAzOcI0
1155,gd-0078c31b31-000019e576a9536
1156,o|4W|3A|1|IY|IZ|2Z|n|k|37|k|k|k|k|36|36|o|k|o|4X|4X|4X|k|4X|k|4e|k|Dr|2Z|Ia|Ib|4h|5l|o|k|o|n|o|69|IL|IN|36|k|k|6F|4X|k|k|5X|2y|5J|o|o|k|1v|k|8z|2y|o|o|k|1D|1f|o|o|o|o|k|4X|4X|4X|o|o|o|o|o|o|o|o|5T|1d|4d|4d|5W|5X|k|o|o|o|5Y|o|||Ic
1157,n|1T
1158,2026-05-24T00:38:17.820Z
1159,n|2n.AzPUVGMc
1160,n|2N.OMyvfPx5
1161,gd-0078c31b31-000019e576ada61
1162,o|4W|3A|1|Ie|If|2Z|n|k|37|k|k|k|k|36|36|o|k|o|4X|5X|4X|k|4X|k|4e|k|E0|1o|Ig|Ih|4h|5l|o|k|o|n|o|69|IL|IN|36|k|k|6F|4X|k|k|5X|2y|5J|o|o|k|1v|k|8g|1o|o|o|k|1D|1f|o|o|o|o|k|4X|4X|4X|o|o|o|o|o|o|o|o|5T|1d|4d|4d|5W|5X|k|o|o|o|5Y|o|||Ii
1163,2026-05-24T00:38:48.655Z
1164,n|1r.DgpLBpd1
1165,n|1D.BrAzOpre
1166,o|4t|1D|4d|o|4X|k|k|o|o|o|o|1v
1167,o|4z|1A|o|5X|k|k|o|o|o|o|37
1168,o|4z|14|o|1o|k|k|o|o|o|n|2Z
1169,o|4x|Io|50|Ip
1170,n|30.1mX2Cw6t
1171,n|2E.MWWfXqOK
1172,n|Y.AjCjldIP
1173,o|5H|5X|5X|Ir|Is|2Z|5X|1o|k|It
1174,gd-0078c31b31-000019e576b327f
1175,o|4W|3A|1|DP|Ik|2Z|n|4X|37|k|k|4X|4X|36|36|n|k|o|4X|2Z|4X|k|k|k|4e|k|EC|37|Il|Im|4h|4i|o|k|o|o|o|69|In|Iq|7F|k|4X|6F|5X|4X|4X|5X|2y|Iu|o|o|k|1v|k|1o|5X|o|o|k|1D|1f|n|n|o|n|k|4X|4X|4X|o|o|o|o|o|o|o|n|HP|1d|4d|4d|HQ|5X|6F|o|o|o|5Y|o|||Iv
1176,2026-05-24T00:41:28.422Z
1177,o|4c|2b|4d|k
1178,n|1h.Bz1obdt1
1179,n|G.3JdWKbTil
1180,n|22
1181,o|4t|1G|4d|o|k|k|k|o|o|o|o|2y
1182,o|4z|1D|o|k|k|k|o|o|o|o|1v
1183,o|4x|J3|IM|50
1184,gd-0078c31b31-000019e576bfdf0
1185,o|4W|3A|1|2a|Ix|2Z|n|k|1v|k|k|k|k|36|36|o|k|o|k|k|4X|k|4X|k|Iy|k|4X|4X|Iz|J0|4h|J1|o|k|o|n|o|69|J2|J4|36|k|k|58|4X|k|k|7S|k|5J|o|o|k|2y|k|6L|5X|o|o|k|1G|2b|o|o|o|o|k|5X|4X|5X|o|o|o|o|o|o|o|o|5T|1d|4d|4d|5W|5X|k|o|o|o|5Y|o|||J5
1186,2026-05-24T00:41:44.192Z
1187,n|1b.JNQvvHhA
1188,gd-0078c31b31-000019e576e120a
1189,o|4W|3A|1|9q|J7|2Z|n|k|1v|k|k|k|k|36|36|o|k|o|k|4X|4X|4X|k|k|Iy|k|5X|5X|Dt|J8|4h|k|o|k|n|o|o|69|J2|J4|36|k|k|58|4X|k|k|7S|k|5f|o|o|k|2y|k|2y|4X|o|n|k|1G|2b|o|o|o|o|k|5X|4X|4X|o|o|o|o|o|o|o|o|5T|1d|4d|4d|5W|5X|k|o|o|o|5Y|o|||J9
1190,2026-05-24T00:41:59.787Z
1191,n|2h.M8UDkKvd
1192,n|2Q.JNQvv5UM
1193,gd-0078c31b31-000019e576e4b50
1194,o|4W|3A|1|DH|JB|2Z|n|k|1v|k|k|k|k|36|36|o|k|o|4X|4X|4X|k|4X|k|Iy|k|2Z|2Z|JC|JD|4h|J1|o|k|o|n|o|69|J2|J4|36|k|k|58|4X|k|k|7S|k|5J|o|o|k|2y|k|5K|2y|o|o|k|1G|2b|o|o|o|o|k|5X|4X|4X|o|o|o|o|o|o|o|o|5T|1d|4d|4d|5W|5X|k|o|o|o|5Y|o|||JE
1195,2026-05-24T00:42:22.080Z
1196,n|14.OHHHMjtD
1197,n|Q.1iiaubkKA
1198,gd-0078c31b31-000019e576ed424
1199,o|4W|3A|1|FU|JG|2Z|n|k|1v|k|k|k|k|36|36|o|k|o|4X|5X|4X|k|4X|k|Iy|k|1o|1o|JH|JI|HA|k|o|k|o|n|o|69|J2|J4|36|k|k|58|4X|k|k|7S|k|5J|o|o|k|2y|k|7S|2Z|o|o|k|1G|2b|o|o|o|o|k|5X|4X|4X|o|o|o|o|o|o|o|o|5T|1d|4d|4d|5W|k|k|o|o|o|5Y|o|||JJ
1200,n|1Z
1201,2026-05-24T00:42:36.707Z
1202,n|29.6rczeU1F
1203,o|4t|1G|4d|o|4X|k|k|o|o|o|o|2y
1204,o|4z|1D|o|5X|k|k|o|o|o|o|1v
1205,o|4z|1A|o|2Z|k|k|o|o|o|o|37
1206,o|4x|JP|JQ|50
1207,gd-0078c31b31-000019e576f0d1e
1208,o|4W|3A|1|JL|JM|2Z|n|k|1v|k|k|k|k|36|36|n|k|o|4X|2Z|4X|k|4X|k|Iy|k|37|37|EO|JN|4h|k|o|k|o|n|o|69|JO|JR|36|k|k|58|5X|k|k|7S|k|7q|o|o|k|2y|k|8g|1o|o|o|k|1G|2b|n|n|o|o|k|5X|4X|4X|o|o|o|o|o|o|o|o|5T|1d|4d|4d|5W|k|7r|o|o|o|5Y|o|||JS
1209,n|1a
1210,2026-05-24T00:43:07.134Z
1211,o|4t|s|4d|o|k|k|k|o|o|o|o|6F
1212,o|4z|1G|o|k|k|k|o|o|o|o|2y
1213,o|4x|JX|J3|IM
1214,gd-0078c31b31-000019e576f248b
1215,o|4W|3A|1|JU|JV|2Z|n|k|1v|k|k|k|k|36|36|o|k|o|k|k|4X|4X|k|k|Iy|k|1v|4X|Ex|Br|4h|J1|o|k|n|o|o|69|JW|JY|36|k|k|4X|5X|k|k|58|k|5f|o|o|k|6F|k|1v|6F|o|n|k|s|2b|o|o|o|o|k|5X|4X|4X|o|o|o|o|o|o|o|o|5T|1d|4d|4d|5W|1o|k|o|o|o|5Y|o|||JZ
1216,2026-05-24T00:43:23.159Z
1217,n|18.C4y3uJ3t
1218,n|1N.QF3vZkTt
1219,gd-0078c31b31-000019e576f8fb5
1220,o|4W|3A|1|HB|Jb|2Z|n|k|1v|k|k|k|k|36|36|o|k|o|4X|k|4X|4X|k|k|Iy|k|2y|5X|Jc|Jd|HA|k|o|k|n|o|o|69|JW|JY|36|k|k|4X|5X|k|k|58|k|5f|o|o|k|6F|k|4X|2Z|o|o|k|s|2b|o|o|o|o|k|5X|4X|4X|o|o|o|o|o|o|o|o|5T|1d|4d|4d|5W|k|k|o|o|o|5Y|o|||Je
1221,n|1c
1222,2026-05-24T00:43:39.842Z
1223,n|1s.EbnxOuIE
1224,n|O.3JdWKbV4l
1225,n|23
1226,n|B.2eVJ3Mr5Q
1227,n|4S.GxrRVeCt
1228,n|3k.GIZlB9Bk
1229,o|5H|4X|2Z|Jl|Jm|5X|k|k|k|Jn
1230,gd-0078c31b31-000019e576fcc8b
1231,o|4W|3A|1|Jg|Jh|2Z|n|k|1v|k|k|k|k|36|36|o|k|o|5X|k|4X|k|k|k|Iy|k|6F|2Z|Ji|Jj|4h|Jk|o|k|o|o|o|69|JW|JY|36|k|k|4X|5X|k|k|58|k|Jo|o|o|k|6F|k|6L|5X|n|o|k|s|2b|o|o|o|n|k|5X|4X|4X|o|o|o|o|o|o|n|n|5T|1d|4d|4d|5W|2Z|k|o|o|o|5Y|o|||Jp
1232,n|1d
1233,2026-05-24T00:44:06.956Z
1234,n|j.2eZlGLbrT
1235,n|7.v72i1OG5
1236,n|28.MPMWA8Ca
1237,n|1i.RAm5c90k
1238,o|5H|4X|2Z|Ju|Jv|2Z|k|k|k|Jw
1239,gd-0078c31b31-000019e577025a8
1240,o|4W|3A|1|Jr|Js|2Z|n|k|1v|k|k|k|k|36|36|o|k|o|5X|k|4X|k|k|k|Iy|k|58|1o|Jt|FD|HA|JU|o|k|o|o|o|69|JW|JY|36|k|k|4X|5X|k|k|58|k|Jx|o|o|k|6F|k|7S|2Z|o|o|k|s|2b|o|o|o|n|k|5X|4X|4X|o|o|o|o|o|o|o|n|5T|1d|4d|4d|5W|1o|k|o|o|o|5Y|o|||Jy
1241,2026-05-24T00:44:33.534Z
1242,n|1c.LWvTuWGq
1243,o|4t|s|4d|o|k|k|k|n|o|o|o|6F
1244,o|4z|1G|o|k|k|k|n|o|o|o|2y
1245,o|4z|1D|n|k|k|k|o|o|o|o|1v
1246,o|4z|1A|n|k|k|k|o|o|o|o|37
1247,o|4x|K3|K4|K5
1248,n|1U.Frnwz74m
1249,n|2e.D6csFrR0
1250,n|t.1qfQ7KEJU
1251,o|5H|58|2Z|K7|K8|4X|5X|5X|k|K9
1252,gd-0078c31b31-000019e57708f69
1253,o|4W|3A|1|7Y|K0|2Z|n|k|1v|k|k|k|k|36|36|n|k|o|5X|k|4X|k|k|5X|Iy|k|6m|37|AY|K1|61|68|o|k|o|o|o|69|K2|K6|BX|k|k|4X|2Z|k|k|58|5X|KA|o|o|k|6F|k|6F|1o|o|o|k|s|2b|n|n|o|n|k|5X|4X|4X|o|n|n|o|o|o|o|n|5T|1d|4d|4d|5W|5X|Bc|o|o|o|5Y|o|||KB
1254,n|1f
1255,2026-05-24T00:46:50.784Z
1256,n|27.1wYJ3ayr
1257,n|1u.9hgRPNhP
1258,o|4t|1b|4d|o|k|k|k|o|o|o|o|4X
1259,gd-0078c31b31-000019e5771bb22
1260,o|4W|3A|1|KD|KE|2Z|o|k|1v|k|k|k|k|36|36|o|k|o|k|k|k|4X|k|k|9I|k|8C|4X|KF|KG|4h|AM|o|k|n|o|o|9L|KH|51|36|k|k|6F|k|k|k|1o|1v|B3|o|o|k|4X|k|6F|1o|n|n|k|1b|1J|o|o|o|n|k|4X|4X|4X|o|o|o|o|o|o|n|n|5T|11|4d|4d|5W|5X|k|o|o|o|5Y|o|||KI
1261,2026-05-24T00:47:00.411Z
1262,n|P.G7dRqwZ4
1263,n|3X.6rczeSg0
1264,gd-0078c31b31-000019e5772fa7f
1265,o|4W|3A|1|6y|KK|2Z|o|k|1v|k|k|k|k|36|36|o|k|o|4X|k|k|k|4X|k|9I|k|A1|5X|KL|KM|4h|Cb|n|k|o|n|o|9L|KH|51|36|k|k|6F|k|k|k|1o|1v|5J|o|o|k|4X|k|5I|58|o|o|k|1b|1J|o|o|o|o|k|4X|4X|4X|o|o|o|o|o|o|o|o|5T|11|4d|4d|5W|5X|k|o|o|o|5Y|o|||KN
1266,2026-05-24T00:47:14.923Z
1267,n|2w.C3ceQ1FQ
1268,gd-0078c31b31-000019e57732ac6
1269,o|4W|3A|1|68|KP|2Z|o|k|1v|k|k|k|k|36|36|o|k|o|4X|4X|k|k|4X|k|9I|k|A9|2Z|KQ|JN|4h|AM|o|k|o|n|o|9L|KH|51|36|k|k|6F|k|k|k|1o|1v|5J|o|o|k|4X|k|8g|1o|o|o|k|1b|1J|o|o|o|o|k|4X|4X|4X|o|o|o|o|o|o|o|o|5T|11|4d|4d|5W|5X|k|o|o|o|5Y|o|||KR
1270,2026-05-24T00:47:31.670Z
1271,o|4t|1b|4d|o|5X|k|k|o|o|o|o|4X
1272,n|3s.Y28G8hS
1273,n|2c.JrjDu3iU
1274,n|L.1R7X3oYPq
1275,o|5H|1o|5X|KV|KW|5X|2Z|1o|k|KX
1276,gd-0078c31b31-000019e577356b9
1277,o|4W|3A|1|CL|KT|2Z|o|k|1v|k|k|k|k|36|36|n|k|o|4X|5X|k|k|k|k|9I|k|AI|1o|BS|I7|4h|93|o|k|o|o|o|9L|KU|51|AP|k|k|6F|4X|4X|k|1o|1v|KY|o|o|k|4X|k|2y|4X|o|o|k|1b|1J|n|n|o|n|k|4X|4X|4X|o|o|o|o|o|o|o|n|5T|11|4d|4d|5W|k|7l|o|o|o|5Y|o|||KZ
1278,2026-05-24T00:48:10.759Z
1279,n|1w.RQkH4cby
1280,n|2p.DZj
1281,o|4t|1d|4d|o|k|k|k|o|o|o|o|5X
1282,o|4z|1b|o|k|k|k|o|o|o|o|4X
1283,o|4x|50|Kf|50
1284,gd-0078c31b31-000019e5773b281
1285,o|4W|3A|1|8s|Kb|2Z|o|k|1v|k|k|k|k|36|36|o|k|o|k|k|k|4X|k|k|9I|k|7r|4X|Kc|Kd|4h|A5|o|k|n|o|o|9L|Ke|Kg|36|k|k|58|k|k|k|1o|1v|5f|o|o|k|5X|k|58|2y|o|n|k|1d|1J|o|o|o|o|k|4X|4X|4X|o|o|o|o|o|o|o|o|5T|11|4d|4d|5W|5X|k|o|o|o|5Y|o|||Kh
1286,2026-05-24T00:48:32.272Z
1287,n|2O.7pbRV3T5
1288,o|4t|1d|4d|o|5X|k|k|o|o|o|o|5X
1289,o|4z|1b|o|1o|k|k|o|o|o|n|4X
1290,o|4x|50|Km|50
1291,o|5o|v|k|2y|36|k
1292,a|Ko
1293,n|2H.drV2c6m
1294,n|l.6tFZg1Ll
1295,n|10.1sRGqyuRX
1296,o|5H|1o|5X|Kq|Kr|5X|4X|5X|k|Ks
1297,o|5R|1J|4X|4X|4X
1298,o|5P|5S|5S|Ku|5S
1299,o|5U|11
1300,o|5P|5V|5V|Kw|5V
1301,gd-0078c31b31-000019e577432a7
1302,o|4W|3A|1|93|Kj|2Z|o|4X|1v|k|k|4X|4X|36|36|n|k|o|4X|k|k|k|k|k|9I|k|Ah|5X|91|Kk|61|IY|o|k|o|o|o|9L|Kl|Kn|Kp|4X|k|58|4X|4X|4X|1o|1v|Kt|o|o|k|5X|k|37|37|n|o|k|1d|1J|n|n|o|n|k|4X|4X|4X|o|o|o|o|o|o|n|n|Kv|11|4d|4d|Kx|5X|6i|o|o|o|5Y|o|||Ky
1303,2026-05-24T00:49:30.194Z
1304,n|2q.k7HU4PO
1305,n|1T.BrAzOpyN
1306,o|4t|1N|4v|o|k|k|k|o|o|o|o|2Z
1307,o|4z|1d|o|k|k|k|o|o|o|o|5X
1308,o|4x|50|L4|50
1309,gd-0078c31b31-000019e5774b19a
1310,o|4W|3A|1|AM|L0|2Z|o|k|1v|4X|k|k|k|36|36|o|k|o|k|k|k|k|4X|k|9I|k|As|4X|L1|L2|4h|DV|o|k|o|n|o|9L|L3|L5|36|k|k|4X|4X|k|k|58|1v|5J|o|o|k|2Z|k|8a|2Z|o|o|k|1N|1J|o|o|o|o|k|4X|4X|4X|o|o|o|o|o|o|o|o|5T|11|4v|4d|5W|1o|k|o|o|o|5Y|o|||L6
1311,2026-05-24T00:49:44.830Z
1312,n|r.1Cd1GGhT
1313,n|x.9hgRPBd5
1314,gd-0078c31b31-000019e5775682d
1315,o|4W|3A|1|A5|L8|2Z|o|k|1v|4X|k|k|k|36|36|o|k|o|k|4X|k|4X|k|k|9I|k|Az|5X|L9|LA|4h|AM|o|k|n|o|o|9L|L3|L5|36|k|k|4X|4X|k|k|58|1v|5f|o|o|k|2Z|k|4X|4X|o|n|k|1N|1J|o|o|o|o|k|4X|4X|4X|o|o|o|o|o|o|o|o|5T|11|4v|4d|5W|1o|k|o|o|o|5Y|o|||LB
1316,2026-05-24T00:49:59.213Z
1317,balltype-000000068a43334
1318,gd-0078c31b31-000019e5775a007
1319,o|4W|3A|1|9K|LD|2Z|o|k|1v|4X|k|k|k|36|36|o|k|o|4X|4X|k|k|4X|k|9I|k|B6|2Z|72|7c|LE|k|o|k|o|n|o|9L|L3|L5|36|k|k|4X|4X|k|k|58|1v|5J|o|o|k|2Z|k|6i|2y|o|o|k|1N|1J|o|o|o|o|k|4X|4X|4X|o|o|o|o|o|o|o|o|5T|11|4v|4d|5W|1o|k|o|o|o|5Y|o|||LF
1320,2026-05-24T00:50:13.029Z
1321,n|2o.E39xxPHW
1322,n|2B.JNQvv5Ls
1323,gd-0078c31b31-000019e5775d931
1324,o|4W|3A|1|DV|LH|2Z|o|k|1v|4X|k|k|k|36|36|o|k|o|4X|5X|k|k|4X|k|9I|k|BC|1o|LI|LJ|4h|k|o|k|o|n|o|9L|L3|L5|36|k|k|4X|4X|k|k|58|1v|5J|o|o|k|2Z|k|8g|1v|o|o|k|1N|1J|o|o|o|o|k|4X|4X|4X|o|o|o|o|o|o|o|o|5T|11|4v|4d|5W|1o|k|o|o|o|5Y|o|||LK
1325,2026-05-24T00:50:28.106Z
1326,n|2h.24K9mcGR
1327,n|1W.9hgRPMUe
1328,n|1o.LSQY8km
1329,n|4B.BWrYFxA2
1330,n|5Y.Dydxr7EM
1331,o|5H|4X|2Z|LP|LQ|4X|k|k|k|LR
1332,gd-0078c31b31-000019e57760cb7
1333,o|4W|3A|1|Cb|LM|2Z|o|k|1v|4X|k|k|k|36|36|o|k|o|4X|2Z|k|4X|k|k|9I|k|BL|37|LN|LO|4h|9K|o|k|n|o|o|9L|L3|L5|36|k|k|4X|4X|k|k|58|1v|LS|o|o|k|2Z|k|8a|2Z|n|o|k|1N|1J|o|o|o|n|k|4X|4X|4X|o|o|o|o|o|o|n|n|5T|11|4v|4d|5W|1o|k|o|o|o|5Y|o|||LT
1334,2026-05-24T00:50:57.097Z
1335,o|4t|1N|4v|o|k|k|k|n|o|o|o|2Z
1336,o|4z|1d|o|k|k|k|n|o|o|o|5X
1337,o|4x|50|LX|50
1338,o|5o|s|k|6F|36|1v
1339,o|5o|14|4X|1v|36|k
1340,a|LZ|La
1341,n|2X.P4PVNp8H
1342,n|1m.Pil03hRG
1343,n|l.J2MTskpB
1344,o|5H|58|5X|Lc|Ld|2Z|5X|2Z|k|Le
1345,gd-0078c31b31-000019e57766d1d
1346,o|4W|3A|1|9c|LV|2Z|o|k|1v|4X|k|k|k|36|36|n|k|o|5X|2Z|k|k|k|5X|9I|k|BQ|1v|9o|6p|4h|9K|o|k|o|o|o|9L|LW|LY|Lb|k|k|4X|5X|k|k|58|6F|Lf|o|o|k|2Z|k|5X|1o|o|o|k|1N|1J|n|n|o|n|k|4X|4X|4X|o|n|n|o|o|o|o|n|5T|11|4v|4d|5W|1o|El|o|o|o|5Y|o|||Lg
1347,2026-05-24T00:51:24.429Z
1348,n|i.PF5TB6HI
1349,n|3L.7pbRVFnN
1350,o|4t|1P|4v|o|k|k|k|o|o|o|o|1o
1351,gd-0078c31b31-000019e5776d2e6
1352,o|4W|3A|1|9k|Li|2Z|o|k|1v|4X|k|k|k|36|36|o|k|o|k|k|5X|k|4X|k|9I|k|6j|4X|Lj|Lk|4h|9K|o|k|o|n|o|9L|Ll|51|36|k|k|5X|4X|k|k|7S|6F|5J|o|o|k|1o|k|6i|2y|o|o|k|1P|1J|o|o|o|o|k|4X|4X|4X|o|o|o|o|o|o|o|o|5T|11|4v|4d|5W|1o|k|o|o|o|5Y|o|||Lm
1353,2026-05-24T00:51:40.098Z
1354,n|2Z.HyYG0JTx
1355,n|a.9hgRPAAC
1356,gd-0078c31b31-000019e57773085
1357,o|4W|3A|1|Df|Lo|2Z|o|k|1v|4X|k|k|k|36|36|o|k|o|k|4X|5X|k|4X|k|9I|k|Bo|5X|Lp|Lq|4h|8s|o|k|o|n|o|9L|Ll|51|36|k|k|5X|4X|k|k|7S|6F|5J|o|o|k|1o|k|7u|2Z|o|o|k|1P|1J|o|o|o|o|k|4X|4X|4X|o|o|o|o|o|o|o|o|5T|11|4v|4d|5W|1o|k|o|o|o|5Y|o|||Lr
1358,2026-05-24T00:51:53.321Z
1359,gd-0078c31b31-000019e5777656f
1360,o|4W|3A|1|HH|Lt|2Z|o|k|1v|4X|k|k|k|36|36|o|k|o|k|5X|5X|4X|k|k|9I|k|Bv|2Z|8q|Jd|4h|A5|o|k|n|o|o|9L|Ll|51|36|k|k|5X|4X|k|k|7S|6F|5f|o|o|k|1o|k|4X|4X|o|n|k|1P|1J|o|o|o|o|k|4X|4X|4X|o|o|o|o|o|o|o|o|5T|11|4v|4d|5W|1o|k|o|o|o|5Y|o|||Lu
1361,2026-05-24T00:52:06.032Z
1362,n|1h.F3I
1363,gd-0078c31b31-000019e57779e3f
1364,o|4W|3A|1|7i|Lw|2Z|o|k|1v|4X|k|k|k|36|36|o|k|o|4X|5X|5X|4X|k|k|9I|k|Bc|1o|Fw|Lx|4h|A5|o|k|n|o|o|9L|Ll|51|36|k|k|5X|4X|k|k|7S|6F|5f|o|o|k|1o|k|5X|1o|o|o|k|1P|1J|o|o|o|o|k|4X|4X|4X|o|o|o|o|o|o|o|o|5T|11|4v|4d|5W|1o|k|o|o|o|5Y|o|||Ly
1365,2026-05-24T00:52:18.023Z
1366,n|1X.7DSioqWk
1367,gd-0078c31b31-000019e5777c7ae
1368,o|4W|3A|1|5l|M0|2Z|o|k|1v|4X|k|k|k|36|36|o|k|o|5X|5X|5X|k|4X|k|9I|k|CH|37|M1|Ib|4h|Cb|o|k|o|n|o|9L|Ll|51|36|k|k|5X|4X|k|k|7S|6F|5J|o|o|k|1o|k|7l|6F|o|o|k|1P|1J|o|o|o|o|k|4X|4X|4X|o|o|o|o|o|o|o|o|5T|11|4v|4d|5W|1o|k|o|o|o|5Y|o|||M2
1369,2026-05-24T00:52:38.929Z
1370,n|1n.JNQvv47W
1371,n|K.3kFgpCafC
1372,n|3A.Kq36tYh3
1373,n|1q.JEBQHmOY
1374,o|5H|4X|2Z|M6|M7|4X|k|k|k|M8
1375,gd-0078c31b31-000019e5777f6f0
1376,o|4W|3A|1|4i|M4|2Z|o|k|1v|4X|k|k|k|36|36|o|k|o|5X|2Z|5X|k|k|k|9I|k|CO|1v|G8|M5|4h|A5|o|k|o|o|o|9L|Ll|51|36|k|k|5X|4X|k|k|7S|6F|M9|o|o|k|1o|k|8g|1v|n|o|k|1P|1J|o|o|o|n|k|4X|4X|4X|o|o|o|o|o|o|n|n|5T|11|4v|4d|5W|1o|k|o|o|o|5Y|o|||MA
1377,2026-05-24T00:52:57.256Z
1378,n|E.1uGs8XiSU
1379,n|3F.G5KUxPDv
1380,n|1z.1wgzvb63
1381,o|5H|4X|2Z|MD|ME|2Z|k|k|k|MF
1382,gd-0078c31b31-000019e57784f32
1383,o|4W|3A|1|6R|MC|2Z|o|k|1v|4X|k|k|k|36|36|o|k|o|5X|2Z|5X|k|k|k|9I|k|CX|2y|LN|8r|4h|A5|o|k|o|o|o|9L|Ll|51|36|k|k|5X|4X|k|k|7S|6F|MG|o|o|k|1o|k|8a|2Z|o|o|k|1P|1J|o|o|o|n|k|4X|4X|4X|o|o|o|o|o|o|o|n|5T|11|4v|4d|5W|1o|k|o|o|o|5Y|o|||MH
1384,2026-05-24T00:53:12.312Z
1385,n|C.2AWH76p3o
1386,o|4t|1P|4v|o|4X|k|k|o|o|o|o|1o
1387,gd-0078c31b31-000019e57789767
1388,o|4W|3A|1|CS|MJ|2Z|o|k|1v|4X|k|k|k|36|36|n|k|o|5X|2Z|5X|k|4X|k|9I|k|Cj|6F|MK|DO|61|DP|o|k|o|n|o|9L|ML|51|36|k|k|5X|5X|k|k|7S|6F|7q|o|o|k|1o|k|5I|2y|o|o|k|1P|1J|n|n|o|o|k|4X|4X|4X|o|o|o|o|o|o|o|o|5T|11|4v|4d|5W|1o|7r|o|o|o|5Y|o|||MM
1389,2026-05-24T00:53:39.913Z
1390,o|4t|1R|4d|o|k|k|k|o|o|o|o|37
1391,o|4z|1P|o|k|k|k|o|o|o|o|1o
1392,o|4x|MQ|50|50
1393,gd-0078c31b31-000019e5778ce6a
1394,o|4W|3A|1|6q|MO|2Z|o|k|1v|4X|k|k|k|36|36|o|4X|o|k|k|5X|k|k|k|9I|k|Ct|k|k|k|C9|k|o|k|o|o|o|9L|MP|MR|36|k|k|2Z|4X|k|k|5X|6F|CE|o|o|k|37|k|k|k|o|o|k|1R|1J|o|o|o|o|k|4X|4X|4X|o|o|o|o|o|o|o|o|5T|11|4d|4d|5W|1o|k|o|o|o|5Y|o|||MS
1395,n|20
1396,2026-05-24T00:53:51.601Z
1397,n|20.QF3vZlZA
1398,gd-0078c31b31-000019e57793027
1399,o|4W|3A|1|MU|MV|2Z|o|k|1v|4X|k|k|k|36|36|o|k|o|k|k|5X|4X|k|k|9I|k|Ct|4X|Dt|MW|61|IH|o|k|n|o|o|9L|MP|MR|36|k|k|2Z|4X|k|k|5X|6F|5f|o|o|k|37|k|6F|1o|o|n|k|1R|1J|o|o|o|o|k|4X|4X|4X|o|o|o|o|o|o|o|o|5T|11|4d|4d|5W|5X|k|o|o|o|5Y|o|||MX
1400,n|21
1401,2026-05-24T00:54:04.794Z
1402,gd-0078c31b31-000019e577978f8
1403,o|4W|3A|1|MZ|Ma|2Z|o|k|1v|4X|k|k|k|36|36|o|4X|o|4X|k|5X|k|k|k|9I|k|Cy|4X|k|k|C9|k|o|k|o|o|o|9L|MP|MR|36|k|k|2Z|4X|k|k|5X|6F|CE|o|o|k|37|k|k|k|o|o|k|1R|1J|o|o|o|o|k|4X|4X|4X|o|o|o|o|o|o|o|o|5T|11|4d|4d|5W|5X|k|o|o|o|5Y|o|||Mb
1404,2026-05-24T00:54:17.028Z
1405,n|30.2drfEoCf
1406,n|1w.QF3vZY8l
1407,gd-0078c31b31-000019e577991ef
1408,o|4W|3A|1|J1|Md|2Z|o|k|1v|4X|k|k|k|36|36|o|k|o|4X|k|5X|k|4X|k|9I|k|Cy|5X|Me|Mf|4h|93|o|k|o|n|o|9L|MP|MR|36|k|k|2Z|4X|k|k|5X|6F|5J|o|o|k|37|k|8g|1o|o|o|k|1R|1J|o|o|o|o|k|4X|4X|4X|o|o|o|o|o|o|o|o|5T|11|4d|4d|5W|5X|k|o|o|o|5Y|o|||Mg
1409,2026-05-24T00:54:38.274Z
1410,o|4t|1R|4d|o|4X|k|k|o|o|o|o|37
1411,o|4z|1P|o|5X|k|k|o|o|o|o|1o
1412,o|4x|Mk|50|50
1413,n|18.LxvT8pjM
1414,n|1U.OmSFuyKH
1415,n|1G.LB6xYhFB
1416,o|5H|5X|5X|Mm|Mn|2Z|4X|4X|k|Mo
1417,gd-0078c31b31-000019e5779c778
1418,o|4W|3A|1|Jk|Mi|2Z|o|k|1v|4X|k|k|k|36|36|n|k|o|4X|4X|5X|k|k|k|9I|k|DD|2Z|8H|Br|4h|9K|o|k|o|o|o|9L|Mj|Ml|Kp|k|k|2Z|5X|4X|k|5X|6F|Mp|o|o|k|37|k|2Z|58|n|o|k|1R|1J|n|n|o|n|k|4X|4X|4X|o|o|o|o|o|o|n|n|5T|11|4d|4d|5W|1o|2y|o|o|o|5Y|o|||Mq
1419,n|24
1420,2026-05-24T00:55:57.241Z
1421,n|1S.4zXzkN3A
1422,o|4t|1T|4d|o|k|k|k|o|o|o|o|1v
1423,o|4z|1R|o|k|k|k|o|o|o|o|37
1424,o|4x|Mw|MQ|50
1425,gd-0078c31b31-000019e577a2615
1426,o|4W|3A|1|Ms|Mt|2Z|o|k|1v|4X|k|k|k|36|36|o|k|o|k|k|5X|k|4X|k|9I|k|DL|4X|4f|Mu|61|DH|o|k|o|n|o|9L|Mv|Mx|36|k|k|1o|4X|k|k|5X|6F|5J|o|o|k|1v|k|8a|4X|o|o|k|1T|1J|o|o|o|o|k|4X|4X|4X|o|o|o|o|o|o|o|o|5T|11|4d|4d|5W|5X|k|o|o|o|5Y|o|||My
1427,n|25
1428,2026-05-24T00:56:17.170Z
1429,n|21.G7dRqwZ4
1430,n|2h.F3N
1431,o|4t|1T|4d|o|4X|k|k|o|o|o|o|1v
1432,o|4z|1R|o|5X|k|k|o|o|o|o|37
1433,o|4z|1P|o|2Z|k|k|o|o|o|o|1o
1434,o|4x|N5|N6|50
1435,n|2k.2axdwHKM
1436,n|1t.7ecMB0hP
1437,n|h.2TC2UYG4B
1438,o|5H|5X|5X|N8|N9|4X|5X|2Z|k|NA
1439,gd-0078c31b31-000019e577b5172
1440,o|4W|3A|1|N0|N1|2Z|o|k|1v|4X|k|k|k|36|36|n|k|o|k|4X|5X|k|k|k|9I|k|DS|5X|N2|N3|4h|68|o|k|o|o|o|9L|N4|N7|9t|k|k|1o|5X|4X|k|5X|6F|NB|o|o|k|1v|k|58|2y|n|o|k|1T|1J|n|n|o|n|k|4X|4X|4X|o|o|o|o|o|o|n|n|5T|11|4d|4d|5W|5X|6F|o|o|o|5Y|o|||NC
1441,n|26
1442,2026-05-24T00:56:58.931Z
1443,n|1W.CEFAQGXZ
1444,o|4t|1V|4d|o|k|k|k|o|o|o|o|2y
1445,o|4z|1T|o|k|k|k|o|o|o|o|1v
1446,o|4x|NI|Mw|MQ
1447,gd-0078c31b31-000019e577bcad1
1448,o|4W|3A|1|NE|NF|2Z|o|k|1v|4X|k|k|k|36|36|o|k|o|k|k|5X|4X|k|k|9I|k|9D|4X|NG|Es|61|k|o|k|n|o|o|9L|NH|NJ|36|k|k|37|4X|k|k|58|6F|5f|o|o|k|2y|k|1o|5X|o|n|k|1V|1J|o|o|o|o|k|4X|4X|4X|o|o|o|o|o|o|o|o|5T|11|4d|4d|5W|5X|k|o|o|o|5Y|o|||NK
1449,n|27
1450,2026-05-24T00:57:13.079Z
1451,n|31.iaxNC1M
1452,gd-0078c31b31-000019e577c3f48
1453,o|4W|3A|1|NM|NN|2Z|o|k|1v|4X|k|k|k|36|36|o|k|o|4X|k|5X|k|4X|k|9I|k|9y|5X|NO|A4|61|IY|o|k|o|n|o|9L|NH|NJ|36|k|k|37|4X|k|k|58|6F|5J|o|o|k|2y|k|8a|4X|o|o|k|1V|1J|o|o|o|o|k|4X|4X|4X|o|o|o|o|o|o|o|o|5T|11|4d|4d|5W|5X|k|o|o|o|5Y|o|||NP
1454,n|28
1455,2026-05-24T00:57:27.091Z
1456,n|2r.1d9qAFUN
1457,n|g.F3N
1458,gd-0078c31b31-000019e577c79e9
1459,o|4W|3A|1|NR|NS|2Z|o|k|1v|4X|k|k|k|36|36|o|k|o|4X|4X|5X|k|4X|k|9I|k|AU|2Z|NT|NU|4h|93|o|k|o|n|o|9L|NH|NJ|36|k|k|37|4X|k|k|58|6F|5J|o|o|k|2y|k|8R|4X|o|o|k|1V|1J|o|o|o|o|k|4X|4X|4X|o|o|o|o|o|o|o|o|5T|11|4d|4d|5W|5X|k|o|o|o|5Y|o|||NV
1460,n|29
1461,2026-05-24T00:57:47.599Z
1462,n|2M.JNQvvHYl
1463,o|4t|1V|4d|o|k|k|k|n|o|o|o|2y
1464,o|4z|1T|n|k|k|k|o|o|o|o|1v
1465,o|4z|1R|n|k|k|k|o|o|o|o|37
1466,o|4z|1P|n|k|k|k|o|o|o|o|1o
1467,o|4x|Nb|Nc|Nd
1468,n|1e.GuXBvUDX
1469,n|t.JF8ss9Em
1470,n|19.9SRXJ6al
1471,o|5H|58|5X|Nf|Ng|5X|4X|5X|k|Nh
1472,gd-0078c31b31-000019e577cb292
1473,o|4W|3A|1|NX|NY|2Z|o|k|1v|4X|k|k|k|36|36|n|k|o|4X|5X|5X|k|k|4X|9I|k|Dr|1o|91|NZ|4h|93|o|k|o|o|o|9L|Na|Ne|Kp|k|k|37|5X|k|k|58|58|Ni|o|o|k|2y|k|37|37|n|o|k|1V|1J|n|n|o|n|k|4X|4X|4X|o|o|o|o|o|o|n|n|5T|11|4d|4d|5W|5X|9D|o|o|o|5Y|o|||Nj
1474,n|2A
1475,2026-05-24T01:00:09.588Z
1476,n|1A.CyBXD729
1477,n|L.16eHwWoxC
1478,gd-0078c31b31-000019e577d1113
1479,o|4W|3A|1|Nl|Nm|1o|n|k|1v|4X|k|k|k|36|36|o|k|o|k|k|k|k|4X|k|Iy|k|6u|4X|Nn|No|4h|MZ|o|k|o|n|o|69|62|51|36|k|k|5X|5X|k|k|7S|5X|5J|o|o|k|4X|k|7S|4X|o|o|k|v|2b|o|o|o|o|k|5X|4X|4X|o|o|o|o|o|o|o|o|5T|1d|4v|4d|5W|1o|k|o|o|o|5Y|o|||Np
1480,n|2B
1481,2026-05-24T01:00:24.157Z
1482,n|q.5zWS8npM
1483,gd-0078c31b31-000019e577f2885
1484,o|4W|3A|1|Nr|Ns|1o|n|k|1v|4X|k|k|k|36|36|o|k|o|k|4X|k|4X|k|k|Iy|k|38|5X|Nt|B2|HA|JL|o|k|n|o|o|69|62|51|36|k|k|5X|5X|k|k|7S|5X|5f|o|o|k|4X|k|2Z|2y|o|n|k|v|2b|o|o|o|o|k|5X|4X|4X|o|o|o|o|o|o|o|o|5T|1d|4v|4d|5W|1o|k|o|o|o|5Y|o|||Nu
1485,n|2C
1486,2026-05-24T01:00:35.544Z
1487,n|0.875XyGiR3
1488,n|47.ejNgTy2
1489,n|3E.ADp69JnW
1490,o|5H|4X|k|Ny|Nz|2Z|k|k|k|O0
1491,gd-0078c31b31-000019e577f6491
1492,o|4W|3A|1|Nw|Nx|1o|n|k|1v|4X|k|k|k|36|36|o|k|o|4X|4X|k|4X|k|k|Iy|k|5e|2Z|N2|Ak|4h|J1|o|k|n|o|o|69|62|51|36|k|k|5X|5X|k|k|7S|5X|O1|o|o|k|4X|k|6F|1v|n|o|k|v|2b|o|o|o|n|k|5X|4X|4X|o|o|o|o|o|o|n|n|5T|1d|4v|4d|5W|1o|k|o|o|o|5Y|o|||O2
1493,n|2D
1494,2026-05-24T01:00:52.611Z
1495,n|F.4LFpdGr95
1496,n|2W.q
1497,gd-0078c31b31-000019e577f93fa
1498,o|4W|3A|1|O4|O5|1o|n|k|1v|4X|k|k|k|36|36|o|k|o|5X|4X|k|k|4X|k|Iy|k|5I|1o|O6|O7|61|68|o|k|o|n|o|69|62|51|36|k|k|5X|5X|k|k|7S|5X|5J|o|o|k|4X|k|5e|2y|o|o|k|v|2b|o|o|o|o|k|5X|4X|4X|o|o|o|o|o|o|o|o|5T|1d|4v|4d|5W|1o|k|o|o|o|5Y|o|||O8
1499,n|2E
1500,2026-05-24T01:01:10.811Z
1501,n|1R.LCatpHWQ
1502,n|3J.JNQvv48H
1503,n|1x.F0mUJjGU
1504,n|45.DwZ42DtF
1505,n|5e.1GpA17Ow
1506,o|5H|4X|2Z|OE|OF|4X|k|k|k|OG
1507,gd-0078c31b31-000019e577fd880
1508,o|4W|3A|1|OA|OB|1o|n|k|1v|4X|k|k|k|36|36|o|k|o|5X|5X|k|k|k|k|Iy|k|7S|37|OC|OD|4h|MU|o|k|o|o|o|69|62|51|36|k|k|5X|5X|k|k|7S|5X|OH|o|o|k|4X|k|7l|6F|o|o|k|v|2b|o|o|o|n|k|5X|4X|4X|o|o|o|o|o|o|o|n|5T|1d|4v|4d|5W|1o|k|o|o|o|5Y|o|||OI
1509,n|2F
1510,2026-05-24T01:01:29.567Z
1511,n|12.BrAzOb55
1512,gd-0078c31b31-000019e578027ea
1513,o|4W|3A|1|OK|OL|1o|n|k|1v|4X|k|k|k|36|36|o|k|o|5X|5X|k|k|4X|k|Iy|k|6i|1v|LI|OM|4h|J1|o|k|o|n|o|69|62|51|36|k|k|5X|5X|k|k|7S|5X|5J|o|o|k|4X|k|8a|2Z|o|o|k|v|2b|o|o|o|o|k|5X|4X|4X|o|o|o|o|o|o|o|o|5T|1d|4v|4d|5W|1o|k|o|o|o|5Y|o|||ON
1514,n|2G
1515,2026-05-24T01:01:44.474Z
1516,n|N.3X15llevC
1517,o|4t|v|4v|o|4X|k|k|o|o|o|o|4X
1518,gd-0078c31b31-000019e57806672
1519,o|4W|3A|1|OP|OQ|1o|n|k|1v|4X|k|k|k|36|36|n|k|o|5X|2Z|k|k|4X|k|Iy|k|6L|2y|OR|EJ|HA|IT|o|k|o|n|o|69|OS|51|36|k|k|5X|2Z|k|k|7S|5X|7q|o|o|k|4X|k|5I|2y|o|o|k|v|2b|n|n|o|o|k|5X|4X|4X|o|o|o|o|o|o|o|o|5T|1d|4v|4d|5W|k|7r|o|o|o|5Y|o|||OT
1520,n|2H
1521,2026-05-24T01:02:21.076Z
1522,n|1d.LN2bq5zX
1523,n|2H.6rczeSXb
1524,o|4z|v|o|k|k|k|o|o|o|o|4X
1525,o|4x|OZ|50|50
1526,gd-0078c31b31-000019e5780ad5b
1527,o|4W|3A|1|OV|OW|1o|n|k|1v|4X|k|k|k|36|36|o|k|o|k|k|k|4X|k|k|Iy|k|7l|4X|OX|OY|4h|k|o|k|n|o|o|69|6r|Oa|36|k|k|2Z|5X|5X|k|7S|5X|5f|o|o|k|5X|k|37|37|o|n|k|y|2b|o|o|o|o|k|5X|4X|4X|o|o|o|o|o|o|o|o|5T|1d|4v|4d|5W|1o|k|o|o|o|5Y|o|||Ob
1528,n|2I
1529,2026-05-24T01:02:36.870Z
1530,n|E.Iz1E6c0Q
1531,n|Z.2MyKNZMfp
1532,gd-0078c31b31-000019e57812ea9
1533,o|4W|3A|1|Od|Oe|1o|n|k|1v|4X|k|k|k|36|36|o|k|o|4X|k|k|k|4X|k|Iy|k|7u|5X|Of|Og|HA|FU|o|k|o|n|o|69|6r|Oa|36|k|k|2Z|5X|5X|k|7S|5X|5J|o|o|k|5X|k|6m|4X|o|o|k|y|2b|o|o|o|o|k|5X|4X|4X|o|o|o|o|o|o|o|o|5T|1d|4v|4d|5W|1o|k|o|o|o|5Y|o|||Oh
1534,n|2J
1535,2026-05-24T01:02:58.912Z
1536,gd-0078c31b31-000019e57816c5e
1537,o|4W|3A|1|Oj|Ok|1o|n|k|1v|4X|k|k|k|36|36|o|k|o|4X|4X|k|k|4X|k|Iy|k|8F|2Z|Dd|B9|4h|MZ|o|k|o|n|o|69|6r|Oa|36|k|k|2Z|5X|5X|k|7S|5X|5J|o|o|k|5X|k|8g|1v|o|o|k|y|2b|o|o|o|o|k|5X|4X|4X|o|o|o|o|o|o|o|o|5T|1d|4v|4d|5W|1o|k|o|o|o|5Y|o|||Ol
1538,n|2K
1539,2026-05-24T01:03:19.064Z
1540,n|M.1iiaubWdn
1541,gd-0078c31b31-000019e5781c0a0
1542,o|4W|3A|1|On|Oo|1o|n|k|1v|4X|k|k|k|36|36|o|k|o|4X|5X|k|k|4X|k|Iy|k|8R|1o|G3|Op|4h|CS|o|k|o|n|o|69|6r|Oa|36|k|k|2Z|5X|5X|k|7S|5X|5J|o|o|k|5X|k|6L|5X|o|o|k|y|2b|o|o|o|o|k|5X|4X|4X|o|o|o|o|o|o|o|o|5T|1d|4v|4d|5W|1o|k|o|o|o|5Y|o|||Oq
1543,n|2L
1544,2026-05-24T01:03:43.008Z
1545,gd-0078c31b31-000019e5782189b
1546,o|4W|3A|1|Os|Ot|1o|n|k|1v|4X|k|k|k|36|36|o|k|o|4X|2Z|k|4X|k|k|Iy|k|8a|37|B1|Fx|4h|7i|o|k|n|o|o|69|6r|Oa|36|k|k|2Z|5X|5X|k|7S|5X|5f|o|o|k|5X|k|58|58|o|o|k|y|2b|o|o|o|o|k|5X|4X|4X|o|o|o|o|o|o|o|o|5T|1d|4v|4d|5W|1o|k|o|o|o|5Y|o|||Ou
1547,n|2M
1548,2026-05-24T01:04:01.386Z
1549,n|1f.Ga86dA4y
1550,n|L.3vhpIgP5j
1551,o|4t|y|4v|o|4X|k|k|o|o|o|o|5X
1552,o|4z|v|o|5X|k|k|o|o|o|o|4X
1553,o|4x|P1|50|50
1554,gd-0078c31b31-000019e57826de5
1555,o|4W|3A|1|Ow|Ox|1o|n|k|1v|4X|k|k|k|36|36|n|k|o|5X|2Z|k|k|4X|k|Iy|k|8g|1v|Oy|Oz|4h|MU|o|k|o|n|o|69|P0|P2|36|k|k|2Z|2Z|5X|k|7S|5X|7q|o|o|k|5X|k|6L|5X|o|o|k|y|2b|n|n|o|o|k|5X|4X|4X|o|o|o|o|o|o|o|o|5T|1d|4v|4d|5W|1o|7r|o|o|o|5Y|o|||P3
1556,2026-05-24T01:06:31.843Z
1557,o|4c|2h|4d|k
1558,n|2D.7pbRVH0y
1559,o|4x|7Q|OZ|50
1560,gd-0078c31b31-000019e5782b660
1561,o|4W|3A|1|2g|P5|1o|n|k|1v|4X|k|k|k|36|36|o|k|o|k|k|k|4X|k|k|P6|k|4X|4X|FS|P7|4h|MU|o|k|n|o|o|69|7P|P8|36|k|k|1o|5X|k|k|5X|k|5f|o|o|k|2Z|k|5X|1o|o|n|k|11|2h|o|o|o|o|k|2Z|4X|5X|o|o|o|o|o|o|o|o|5T|1d|4v|4d|5W|1o|k|o|o|o|5Y|o|||P9
1562,n|2O
1563,2026-05-24T01:06:47.416Z
1564,n|16.MKRBXiPa
1565,gd-0078c31b31-000019e5785176d
1566,o|4W|3A|1|PB|PC|1o|n|k|1v|4X|k|k|k|36|36|o|k|o|4X|k|k|k|4X|k|P6|k|5X|5X|PD|KM|HA|8s|o|k|o|n|o|69|7P|P8|36|k|k|1o|5X|k|k|5X|k|5J|o|o|k|2Z|k|6i|2y|o|o|k|11|2h|o|o|o|o|k|2Z|4X|4X|o|o|o|o|o|o|o|o|5T|1d|4v|4d|5W|1o|k|o|o|o|5Y|o|||PE
1567,n|2P
1568,2026-05-24T01:07:14.434Z
1569,n|Y.34ZGtWHdh
1570,n|h.2MyKNZO1p
1571,n|4N.EsqjBQVT
1572,n|3i.OqNFCwcj
1573,o|5H|4X|2Z|MD|PK|5X|k|k|k|PL
1574,gd-0078c31b31-000019e57853e5e
1575,o|4W|3A|1|PG|PH|1o|n|k|1v|4X|k|k|k|36|36|o|k|o|4X|4X|k|4X|k|k|P6|k|2Z|2Z|PI|PJ|4h|Nl|o|k|n|o|o|69|7P|P8|36|k|k|1o|5X|k|k|5X|k|PM|o|o|k|2Z|k|6m|4X|n|o|k|11|2h|o|o|o|n|k|2Z|4X|4X|o|o|o|o|o|o|n|n|5T|1d|4v|4d|5W|1o|k|o|o|o|5Y|o|||PN
1576,n|2Q
1577,2026-05-24T01:07:38.312Z
1578,n|Q.3sdymPoV7
1579,n|1C.F2S
1580,n|C.2jecR6Tvo
1581,n|4H.Be1gyAE4
1582,n|3b.1PYZMRpd
1583,o|5H|4X|2Z|PT|PU|4X|k|k|k|PV
1584,gd-0078c31b31-000019e5785b231
1585,o|4W|3A|1|PP|PQ|1o|n|k|1v|4X|k|k|k|36|36|o|k|o|5X|4X|k|k|k|k|P6|k|1o|1o|PR|PS|61|5l|o|k|o|o|o|69|7P|P8|36|k|k|1o|5X|k|k|5X|k|PW|o|o|k|2Z|k|6u|4X|o|o|k|11|2h|o|o|o|n|k|2Z|4X|4X|o|o|o|o|o|o|o|n|5T|1d|4v|4d|5W|1o|k|o|o|o|5Y|o|||PX
1586,n|2R
1587,2026-05-24T01:08:02.889Z
1588,n|E.25v9jOziO
1589,n|27.JNQvvHgF
1590,gd-0078c31b31-000019e57861073
1591,o|4W|3A|1|PZ|Pa|1o|n|k|1v|4X|k|k|k|36|36|o|k|o|5X|4X|k|k|4X|k|P6|k|37|37|Pb|Pc|61|Cb|o|k|o|n|o|69|7P|P8|36|k|k|1o|5X|k|k|5X|k|5J|o|o|k|2Z|k|38|1o|o|o|k|11|2h|o|o|o|o|k|2Z|4X|4X|o|o|o|o|o|o|o|o|5T|1d|4v|4d|5W|1o|k|o|o|o|5Y|o|||Pd
1592,n|2S
1593,2026-05-24T01:08:36.467Z
1594,n|2C.IiTX88tl
1595,n|1M.JNQvvHYg
1596,o|4z|y|o|5X|k|k|o|o|o|o|5X
1597,o|4z|v|o|2Z|k|k|o|o|o|o|4X
1598,o|4x|Pj|Pk|50
1599,n|2t.HI2rHfyH
1600,n|3I.2Ew3DPcS
1601,n|E.2ltS5KDUa
1602,o|5H|5X|2Z|Pm|Pn|5X|2Z|37|k|Po
1603,gd-0078c31b31-000019e57866a0d
1604,o|4W|3A|1|Pf|Pg|1o|n|k|1v|4X|k|k|k|36|36|n|k|o|5X|5X|k|k|k|k|P6|k|1v|1v|Ph|Pi|4h|k|o|k|o|o|o|69|7p|Pl|83|k|k|1o|2Z|4X|k|5X|k|Pp|o|o|k|2Z|k|2y|2Z|o|o|k|11|2h|n|n|o|n|k|2Z|4X|4X|o|o|o|o|o|o|o|n|5T|1d|4v|4d|5W|4X|58|o|o|o|5Y|o|||Pq
1605,n|2T
1606,2026-05-24T01:09:20.264Z
1607,n|1d.O19CV3Jw
1608,n|2W.7pbRV2Do
1609,o|4t|14|4v|o|k|k|k|o|o|o|o|1o
1610,o|4z|11|o|k|k|k|o|o|o|o|2Z
1611,o|4x|Px|7Q|OZ
1612,gd-0078c31b31-000019e5787096a
1613,o|4W|3A|1|Ps|Pt|1o|n|k|1v|4X|k|k|k|36|36|o|k|o|k|k|k|4X|k|k|P6|k|2y|4X|Pu|Pv|HA|68|o|k|n|o|o|69|Pw|Py|36|k|k|37|5X|5X|k|7S|k|5f|o|o|k|1o|k|1v|6F|o|n|k|14|2h|o|o|o|o|k|2Z|4X|4X|o|o|o|o|o|o|o|o|5T|1d|4v|4d|5W|1o|k|o|o|o|5Y|o|||Pz
1614,n|2U
1615,2026-05-24T01:09:38.702Z
1616,n|1O.2tJqVrSt
1617,n|3W.v
1618,balltype-000000068a432f8
1619,gd-0078c31b31-000019e5787937b
1620,o|4W|3A|1|Q1|Q2|1o|n|k|1v|4X|k|k|k|36|36|o|k|o|4X|k|k|k|4X|k|P6|k|6F|5X|Q3|Q4|Q5|k|o|k|o|n|o|69|Pw|Py|36|k|k|37|5X|5X|k|7S|k|5J|n|o|k|1o|k|7l|6F|o|o|k|14|2h|o|o|o|o|k|2Z|4X|4X|o|o|o|o|o|o|o|o|5T|1d|4v|4d|5W|1o|k|o|o|o|5Y|o|||Q6
1621,n|2V
1622,2026-05-24T01:10:06.737Z
1623,n|21.ISOQu3gm
1624,gd-0078c31b31-000019e5787e337
1625,o|4W|3A|1|Q8|Q9|1o|n|k|1v|4X|k|k|k|36|36|o|k|o|4X|4X|k|k|4X|k|P6|k|58|2Z|QA|KM|61|Cb|o|k|o|n|o|69|Pw|Py|36|k|k|37|5X|5X|k|7S|k|5J|o|o|k|1o|k|8F|58|o|o|k|14|2h|o|o|o|o|k|2Z|4X|4X|o|o|o|o|o|o|o|o|5T|1d|4v|4d|5W|1o|k|o|o|o|5Y|o|||QB
1626,n|2W
1627,2026-05-24T01:10:29.724Z
1628,o|4c|2h|4d|4X
1629,n|a.25SdzdFkv
1630,n|3c.JNQvvHhA
1631,o|4z|11|o|5X|k|k|o|o|o|o|2Z
1632,o|4z|y|o|2Z|k|k|o|o|o|o|5X
1633,o|4z|v|o|1o|k|k|o|o|n|o|4X
1634,o|4x|QI|QJ|QK
1635,o|5R|2b|4X|4X|4X
1636,o|5P|5S|5S|5S|QM
1637,gd-0078c31b31-000019e57884638
1638,o|4W|3A|1|QD|QE|1o|n|4X|1v|4X|k|4X|4X|36|36|o|k|o|4X|5X|k|k|4X|k|QF|k|6m|1o|QG|QH|4h|NR|o|k|o|n|o|69|Pw|QL|36|k|4X|37|5X|5X|k|7S|k|5J|o|o|k|1o|k|5I|2y|o|o|k|14|2h|o|o|o|o|k|2Z|4X|4X|o|o|o|o|o|o|o|o|QN|1d|4v|4d|HQ|5X|k|o|o|o|5Y|o|||QO
1639,n|2X
1640,2026-05-24T01:11:14.384Z
1641,n|2E.JNQvvImR
1642,o|4t|14|4v|o|4X|k|k|o|o|o|o|1o
1643,o|4x|50|Px|7Q
1644,gd-0078c31b31-000019e5788daab
1645,o|4W|3A|1|QQ|QR|1o|n|k|2y|4X|k|k|k|36|36|n|k|o|4X|2Z|k|k|4X|k|P6|k|6u|37|KL|QS|4h|Nw|o|k|o|n|o|69|QT|QU|36|k|k|37|2Z|5X|k|7S|k|7q|o|o|k|1o|k|38|1o|o|o|k|14|2h|n|n|o|o|k|2Z|4X|4X|o|o|o|o|o|o|o|o|5T|1d|4v|4d|5W|5X|7r|o|o|o|5Y|o|||QV
1646,n|2Y
1647,2026-05-24T01:11:52.279Z
1648,n|1X.9rZJTo8i
1649,o|4t|17|4v|o|k|k|k|o|o|o|o|37
1650,o|4z|14|o|k|k|k|o|o|o|o|1o
1651,o|4x|Qb|Px|7Q
1652,gd-0078c31b31-000019e5789564c
1653,o|4W|3A|1|QX|QY|1o|n|k|2y|4X|k|k|k|36|36|o|k|o|k|k|k|k|4X|k|P6|k|38|4X|QZ|DO|61|k|o|k|o|n|o|69|Qa|Qc|36|k|k|1v|5X|4X|k|7S|k|5J|o|o|k|37|k|7l|6F|o|o|k|17|2h|o|o|o|o|k|2Z|4X|4X|o|o|o|o|o|o|o|o|5T|1d|4v|4d|5W|1o|k|o|o|o|5Y|o|||Qd
1654,n|2Z
1655,2026-05-24T01:12:08.533Z
1656,n|y.CzVyL7Vs
1657,n|3X.7pbRV2Dj
1658,gd-0078c31b31-000019e5789e585
1659,o|4W|3A|1|Qf|Qg|1o|n|k|2y|4X|k|k|k|36|36|o|k|o|k|4X|k|k|4X|k|P6|k|5e|5X|Qh|Qi|4h|Nr|o|k|o|n|o|69|Qa|Qc|36|k|k|1v|5X|4X|k|7S|k|5J|o|o|k|37|k|6i|2y|o|o|k|17|2h|o|o|o|o|k|2Z|4X|4X|o|o|o|o|o|o|o|o|5T|1d|4v|4d|5W|1o|k|o|o|o|5Y|o|||Qj
1660,n|2a
1661,2026-05-24T01:12:17.665Z
1662,n|2e.z9jLbM7
1663,gd-0078c31b31-000019e578a2176
1664,o|4W|3A|1|Ql|Qm|1o|n|k|2y|4X|k|k|k|36|36|o|k|o|k|5X|k|k|4X|k|P6|k|5I|2Z|Qn|Q4|4h|NE|o|k|o|n|o|69|Qa|Qc|36|k|k|1v|5X|4X|k|7S|k|5J|o|o|k|37|k|8z|58|o|o|k|17|2h|o|o|o|o|k|2Z|4X|4X|o|o|o|o|o|o|o|o|5T|1d|4v|4d|5W|1o|k|o|o|o|5Y|o|||Qo
1665,n|2b
1666,2026-05-24T01:12:51.451Z
1667,n|1L.A6bkbbGd
1668,o|4z|14|o|5X|k|k|o|o|o|o|1o
1669,o|4z|11|o|2Z|k|k|o|o|o|o|2Z
1670,o|4x|Qt|Qu|80
1671,gd-0078c31b31-000019e578a6d74
1672,o|4W|3A|1|Qq|Qr|1o|n|4X|2y|4X|k|4X|4X|36|36|n|k|o|k|2Z|k|k|4X|k|P6|k|7S|1o|Qs|EJ|4h|Ms|o|k|o|n|o|69|8K|Qv|36|k|4X|1v|2Z|4X|4X|7S|k|7q|o|o|k|37|k|7l|6F|o|o|k|17|2h|n|n|o|o|k|2Z|4X|4X|o|o|o|o|o|o|o|o|QN|1d|4v|4d|HQ|1o|7r|o|o|o|5Y|o|||Qw
1673,n|2c
1674,2026-05-24T01:13:34.011Z
1675,n|2i.PMRb6Mbs
1676,n|3T.7pbRVGro
1677,o|4x|8W|Qb|Px
1678,gd-0078c31b31-000019e578ad9f4
1679,o|4W|3A|1|Qy|Qz|1o|n|k|6F|4X|k|k|k|36|36|o|k|o|k|k|k|k|4X|k|P6|k|6i|4X|R0|R1|4h|NE|o|k|o|n|o|69|8V|R2|36|k|k|2y|5X|4X|k|58|k|5J|o|o|k|1v|k|8z|2y|o|o|k|1A|2h|o|o|o|o|k|2Z|4X|4X|o|o|o|o|o|o|o|o|5T|1d|4d|4d|5W|5X|k|o|o|o|5Y|o|||R3
1680,n|2d
1681,2026-05-24T01:13:57.516Z
1682,n|2L.MaysWb1D
1683,gd-0078c31b31-000019e578b731e
1684,o|4W|3A|1|R5|R6|1o|n|k|6F|4X|k|k|k|36|36|o|k|o|k|4X|k|4X|k|k|P6|k|6L|5X|R7|OY|HA|93|o|k|n|o|o|69|8V|R2|36|k|k|2y|5X|4X|k|58|k|5f|o|o|k|1v|k|6F|1o|o|n|k|1A|2h|o|o|o|o|k|2Z|4X|4X|o|o|o|o|o|o|o|o|5T|1d|4d|4d|5W|5X|k|o|o|o|5Y|o|||R8
1685,n|2e
1686,2026-05-24T01:14:14.355Z
1687,n|2o.5kip3pRT
1688,gd-0078c31b31-000019e578bcd80
1689,o|4W|3A|1|RA|RB|1o|n|k|6F|4X|k|k|k|36|36|o|k|o|4X|4X|k|k|4X|k|P6|k|7l|2Z|RC|I7|HA|93|o|k|o|n|o|69|8V|R2|36|k|k|2y|5X|4X|k|58|k|5J|o|o|k|1v|k|8a|4X|o|o|k|1A|2h|o|o|o|o|k|2Z|4X|4X|o|o|o|o|o|o|o|o|5T|1d|4d|4d|5W|5X|k|o|o|o|5Y|o|||RD
1690,n|2f
1691,2026-05-24T01:14:34.163Z
1692,n|2v.HXma84VE
1693,gd-0078c31b31-000019e578c0fc6
1694,o|4W|3A|1|RF|RG|1o|n|k|6F|4X|k|k|k|36|36|o|k|o|4X|5X|k|k|4X|k|P6|k|7u|1o|RH|Qi|61|AM|o|k|o|n|o|69|8V|R2|36|k|k|2y|5X|4X|k|58|k|5J|o|o|k|1v|k|8z|2y|o|o|k|1A|2h|o|o|o|o|k|2Z|4X|4X|o|o|o|o|o|o|o|o|5T|1d|4d|4d|5W|5X|k|o|o|o|5Y|o|||RI
1695,n|2g
1696,2026-05-24T01:15:00.691Z
1697,n|2i.MKRBXiPa
1698,n|2U.EnXzaQhf
1699,n|38.EYgewhfR
1700,n|L.3JeUR921y
1701,o|5H|58|2Z|RN|RO|5X|2Z|1o|k|RP
1702,gd-0078c31b31-000019e578c6146
1703,o|4W|3A|1|RK|RL|1o|n|k|6F|4X|k|k|k|36|36|n|k|o|4X|2Z|k|k|k|4X|P6|k|8F|37|RM|Im|4h|Nl|o|k|o|o|o|69|94|R2|D6|k|k|2y|2Z|4X|k|58|4X|RQ|o|o|k|1v|k|8a|4X|n|o|k|1A|2h|n|n|o|n|k|2Z|4X|4X|o|o|o|o|o|o|n|n|5T|1d|4d|4d|5W|5X|DD|o|o|o|5Y|o|||RR
1704,n|2h
1705,2026-05-24T01:15:43.140Z
1706,n|2F.BHIiGnbc
1707,n|2B.OMyvfdV8
1708,o|4t|1D|4d|o|k|k|k|o|o|o|o|2y
1709,gd-0078c31b31-000019e578cf6d4
1710,o|4W|3A|1|RT|RU|1o|n|k|6F|4X|k|k|k|36|36|o|k|o|k|k|4X|4X|k|k|P6|k|8R|4X|RV|RW|61|DV|o|k|n|o|o|69|RX|R2|36|k|k|6F|5X|4X|k|A1|4X|5f|o|o|k|2y|k|6F|1o|o|n|k|1D|2h|o|o|o|o|k|2Z|4X|4X|o|o|o|o|o|o|o|o|5T|1d|4d|4d|5W|5X|k|o|o|o|5Y|o|||RY
1711,n|2i
1712,2026-05-24T01:16:04.143Z
1713,n|2M.BrAzOocI
1714,gd-0078c31b31-000019e578d6f2a
1715,o|4W|3A|1|Ra|Rb|1o|n|k|6F|4X|k|k|k|36|36|o|k|o|4X|k|4X|4X|k|k|P6|k|8a|5X|Aj|Rc|HA|8s|o|k|n|o|o|69|RX|R2|36|k|k|6F|5X|4X|k|A1|4X|5f|o|o|k|2y|k|6F|1o|o|o|k|1D|2h|o|o|o|o|k|2Z|4X|4X|o|o|o|o|o|o|o|o|5T|1d|4d|4d|5W|5X|k|o|o|o|5Y|o|||Rd
1716,n|2j
1717,2026-05-24T01:16:23.247Z
1718,gd-0078c31b31-000019e578dbfc2
1719,o|4W|3A|1|Rf|Rg|1o|n|k|6F|4X|k|k|k|36|36|o|k|o|5X|k|4X|k|4X|k|P6|k|8g|2Z|Au|D1|8J|Jk|o|k|o|n|o|69|RX|R2|36|k|k|6F|5X|4X|k|A1|4X|5J|o|o|k|2y|k|5K|2y|o|o|k|1D|2h|o|o|o|o|k|2Z|4X|4X|o|o|o|o|o|o|o|o|5T|1d|4d|4d|5W|5X|k|o|o|o|5Y|o|||Rh
1720,n|2k
1721,2026-05-24T01:16:46.927Z
1722,n|1s.BZbfWsnF
1723,o|4t|1D|4d|o|k|k|k|n|o|o|o|2y
1724,gd-0078c31b31-000019e578e0799
1725,o|4W|3A|1|Rj|Rk|1o|n|k|6F|4X|k|k|k|36|36|n|k|o|5X|4X|4X|4X|k|4X|P6|k|5K|1o|Rl|NZ|61|7i|o|k|n|o|o|69|Rm|R2|36|k|k|6F|2Z|4X|k|A1|5X|Fb|o|o|k|2y|k|37|37|n|o|k|1D|2h|n|n|n|n|k|2Z|4X|4X|o|o|o|o|o|o|n|n|5T|1d|4d|4d|5W|1o|A1|o|o|o|5Y|o|||Rn
1726,n|2l
1727,2026-05-24T01:17:13.185Z
1728,n|3R.OMyvfddX
1729,o|4t|1G|4d|o|k|k|k|o|o|o|o|6F
1730,gd-0078c31b31-000019e578e6bed
1731,o|4W|3A|1|Rp|Rq|1o|n|k|6F|4X|k|k|k|36|36|o|k|o|k|k|5X|k|4X|k|P6|k|8z|4X|Nn|Rr|61|AM|o|k|o|n|o|69|Rs|R2|36|k|k|58|5X|k|k|A1|5X|5J|o|o|k|6F|k|6i|58|o|o|k|1G|2h|o|o|o|o|k|2Z|4X|4X|o|o|o|o|o|o|o|o|5T|1d|4d|4d|5W|5X|k|o|o|o|5Y|o|||Rt
1732,n|2m
1733,2026-05-24T01:17:32.132Z
1734,n|2d.NP0ToqW5
1735,gd-0078c31b31-000019e578ed44e
1736,o|4W|3A|1|Rv|Rw|1o|n|k|6F|4X|k|k|k|36|36|o|k|o|k|4X|5X|4X|k|k|P6|k|9G|5X|RM|Rx|4h|k|o|k|n|o|o|69|Rs|R2|36|k|k|58|5X|k|k|A1|5X|B3|o|o|k|6F|k|5K|2y|n|n|k|1G|2h|o|o|o|n|k|2Z|4X|4X|o|o|o|o|o|o|n|n|5T|1d|4d|4d|5W|5X|k|o|o|o|5Y|o|||Ry
1737,n|2n
1738,2026-05-24T01:17:51.388Z
1739,n|e.6WAQy4f8
1740,gd-0078c31b31-000019e578f0fb7
1741,o|4W|3A|1|S0|S1|1o|n|k|6F|4X|k|k|k|36|36|o|k|o|4X|4X|5X|4X|k|k|P6|k|9P|2Z|S2|8i|61|9K|o|k|n|o|o|69|Rs|R2|36|k|k|58|5X|k|k|A1|5X|B3|o|o|k|6F|k|2Z|58|o|o|k|1G|2h|o|o|o|n|k|2Z|4X|4X|o|o|o|o|o|o|o|n|5T|1d|4d|4d|5W|5X|k|o|o|o|5Y|o|||S3
1742,n|2o
1743,2026-05-24T01:18:14.669Z
1744,n|26.1TAiEjoI
1745,n|T.2BtPoBgpX
1746,n|3E.85mxVNrz
1747,n|1h.3CEyUYiS
1748,o|5H|4X|2Z|S8|S9|4X|k|k|k|SA
1749,gd-0078c31b31-000019e578f6401
1750,o|4W|3A|1|S5|S6|1o|n|k|6F|4X|k|k|k|36|36|o|k|o|5X|4X|5X|k|k|k|P6|k|9Y|1o|S7|6p|61||o|k|o|o|o|69|Rs|R2|36|k|k|58|5X|k|k|A1|5X|SB|o|o|k|6F|k|6F|1o|o|o|k|1G|2h|o|o|o|n|k|2Z|4X|4X|o|o|o|o|o|o|o|n|5T|1d|4d|4d|5W|5X|k|o|o|o|5Y|o|||SC
1751,n|2p
1752,2026-05-24T01:18:48.439Z
1753,n|3V.JNQvvIug
1754,gd-0078c31b31-000019e578fed34
1755,o|4W|3A|1|SE|SF|1o|n|k|6F|4X|k|k|k|36|36|o|k|o|5X|4X|5X|k|4X|k|P6|k|9f|37|JC|SG|61|Df|o|k|o|n|o|69|Rs|R2|36|k|k|58|5X|k|k|A1|5X|5J|o|o|k|6F|k|8z|2y|o|o|k|1G|2h|o|o|o|o|k|2Z|4X|4X|o|o|o|o|o|o|o|o|5T|1d|4d|4d|5W|5X|k|o|o|o|5Y|o|||SH
1756,n|2q
1757,2026-05-24T01:19:11.108Z
1758,n|24.8uAjmBh4
1759,n|38.OMyvfQ6F
1760,o|4t|1G|4d|o|k|k|k|n|o|o|o|6F
1761,o|4z|14|n|k|k|k|o|o|o|o|1o
1762,o|4z|11|n|k|k|k|o|o|o|o|2Z
1763,o|4x|95|SO|SP
1764,gd-0078c31b31-000019e579053bb
1765,o|4W|3A|1|SJ|SK|1o|n|k|6F|4X|k|k|k|36|36|n|k|o|5X|5X|5X|4X|k|4X|P6|k|8C|1v|SL|SM|8J|6q|o|k|n|o|o|69|SN|SQ|36|k|k|58|2Z|k|k|A1|2Z|Fb|o|o|k|6F|k|58|2y|o|o|k|1G|2h|n|n|n|n|k|2Z|4X|4X|o|o|o|o|o|o|o|n|5T|1d|4d|4d|5W|5X|A1|o|o|o|5Y|o|||SR
1766,2026-05-24T01:21:35.097Z
1767,o|4c|1q|4d|k
1768,n|Q.DfToKCAj
1769,n|3M.BrAzOocN
1770,o|4t|1X|4d|o|k|k|k|o|o|o|o|4X
1771,gd-0078c31b31-000019e5790a06d
1772,o|4W|3A|1|1p|ST|1o|o|k|6F|4X|k|k|k|36|36|o|k|o|k|k|k|k|4X|k|SU|k|4X|4X|SV|SW|4h|NX|o|k|o|n|o|9L|SX|51|36|k|k|1v|4X|k|k|58|k|5J|o|o|k|4X|k|5I|58|o|o|k|1X|1q|o|o|o|o|k|5X|4X|5X|o|o|o|o|o|o|o|o|5T|11|4d|4d|5W|5X|k|o|o|o|5Y|o|||SY
1773,n|2s
1774,2026-05-24T01:21:43.518Z
1775,n|H.3Vj63I6Io
1776,n|2t.IDKQp156
1777,n|1m.CX9wgHf6
1778,o|5H|4X|2Z|Sc|Sd|4X|k|k|k|Se
1779,gd-0078c31b31-000019e5792c5a3
1780,o|4W|3A|1|Sa|Sb|1o|o|k|6F|4X|k|k|k|36|36|o|k|o|k|4X|k|4X|k|k|SU|k|5X|5X|DN|9p|4h|Nl|o|k|n|o|o|9L|SX|51|36|k|k|1v|4X|k|k|58|k|Sf|o|o|k|4X|k|5e|58|n|n|k|1X|1q|o|o|o|n|k|5X|4X|4X|o|o|o|o|o|o|n|n|5T|11|4d|4d|5W|5X|k|o|o|o|5Y|o|||Sg
1781,n|2t
1782,2026-05-24T01:22:02.363Z
1783,n|2e.7pbRV3Jq
1784,gd-0078c31b31-000019e5792f67a
1785,o|4W|3A|1|Si|Sj|1o|o|k|6F|4X|k|k|k|36|36|o|k|o|4X|4X|k|4X|k|k|SU|k|2Z|2Z|7n|Sk|8J|6q|o|k|n|o|o|9L|SX|51|36|k|k|1v|4X|k|k|58|k|5f|o|o|k|4X|k|1v|6F|o|o|k|1X|1q|o|o|o|o|k|5X|4X|4X|o|o|o|o|o|o|o|o|5T|11|4d|4d|5W|5X|k|o|o|o|5Y|o|||Sl
1786,n|2u
1787,2026-05-24T01:22:11.395Z
1788,n|1Y.LWvTuiLF
1789,n|L.CnBDpU4s
1790,n|3t.9BkObiSP
1791,o|5H|4X|2Z|Sq|FF|4X|k|k|k|Sr
1792,gd-0078c31b31-000019e579332ef
1793,o|4W|3A|1|Sn|So|1o|o|k|6F|4X|k|k|k|36|36|o|k|o|5X|4X|k|k|k|k|SU|k|1o|1o|5c|Sp|4h|Nw|o|k|o|o|o|9L|SX|51|36|k|k|1v|4X|k|k|58|k|Ss|o|o|k|4X|k|2y|4X|o|o|k|1X|1q|o|o|o|n|k|5X|4X|4X|o|o|o|o|o|o|o|n|5T|11|4d|4d|5W|5X|k|o|o|o|5Y|o|||St
1794,n|2v
1795,2026-05-24T01:22:33.751Z
1796,o|4t|1X|4d|o|k|k|k|n|o|o|o|4X
1797,o|5o|1G|k|1o|36|k
1798,a|Sy
1799,n|2A.Ke6kfi3Z
1800,n|2g.JNocuibr
1801,n|b.BvkwCzAD
1802,o|5H|58|2Z|T0|T1|5X|5X|2Z|k|T2
1803,gd-0078c31b31-000019e57935d8c
1804,o|4W|3A|1|Sv|Sw|1o|o|k|6F|4X|k|k|k|36|36|n|k|o|5X|4X|k|k|k|4X|SU|k|37|37|Hx|Br|61|5l|o|k|o|o|o|9L|Sx|51|Sz|k|k|1v|5X|k|k|58|4X|T3|o|o|k|4X|k|2Z|58|o|o|k|1X|1q|n|n|o|n|k|5X|4X|4X|o|o|o|o|o|o|o|n|5T|11|4d|4d|5W|5X|DD|o|o|o|5Y|o|||T4
1805,n|2w
1806,2026-05-24T01:22:58.770Z
1807,n|1i.9e60tbLw
1808,n|b.267bOQOYF
1809,o|4t|1Z|4d|o|k|k|k|o|o|o|o|5X
1810,gd-0078c31b31-000019e5793cdc1
1811,o|4W|3A|1|T6|T7|1o|o|k|6F|4X|k|k|k|36|36|o|k|o|k|k|4X|k|4X|k|SU|k|1v|4X|T8|T9|61|6R|o|k|o|n|o|9L|TA|51|36|k|k|2y|4X|k|k|58|4X|5J|o|o|k|5X|k|6L|5X|o|o|k|1Z|1q|o|o|o|o|k|5X|4X|4X|o|o|o|o|o|o|o|o|5T|11|4d|4d|5W|5X|k|o|o|o|5Y|o|||TB
1812,n|2x
1813,2026-05-24T01:23:07.970Z
1814,n|d.2MyKNZALS
1815,n|4R.EgMlCmR9
1816,n|3f.JQP70Npd
1817,o|5H|4X|5X|Cd|TG|2Z|k|k|k|TH
1818,gd-0078c31b31-000019e57941d91
1819,o|4W|3A|1|TD|TE|1o|o|k|6F|4X|k|k|k|36|36|o|k|o|k|4X|4X|4X|k|k|SU|k|2y|5X|Bq|TF|4h|Nw|o|k|n|o|o|9L|TA|51|36|k|k|2y|4X|k|k|58|4X|TI|o|o|k|5X|k|6L|5X|n|n|k|1Z|1q|o|o|o|n|k|5X|4X|4X|o|o|o|o|o|o|n|n|5T|11|4d|4d|5W|k|k|o|o|o|5Y|o|||TJ
1820,n|2y
1821,2026-05-24T01:23:27.030Z
1822,n|2I.1ReNSHAd
1823,n|2T.6rczeHpC
1824,o|4t|1Z|4d|o|k|k|k|n|o|o|o|5X
1825,n|1Q.PkGaiWBK
1826,n|2f.IFwGf1hD
1827,n|u.8F6XPxMj
1828,o|5H|58|2Z|TQ|TR|4X|5X|5X|k|TS
1829,gd-0078c31b31-000019e57943f57
1830,o|4W|3A|1|TL|TM|1o|o|k|6F|4X|k|k|k|36|36|n|k|o|4X|4X|4X|k|k|4X|SU|k|6F|2Z|TN|TO|61|7i|o|k|o|o|o|9L|TP|51|Fn|k|k|2y|5X|k|k|58|5X|TT|o|o|k|5X|k|58|2y|o|o|k|1Z|1q|n|n|o|n|k|5X|4X|4X|o|o|o|o|o|o|o|n|5T|11|4d|4d|5W|5X|Bc|o|o|o|5Y|o|||TU
1831,n|2z
1832,2026-05-24T01:23:42.346Z
1833,o|4t|1b|4d|o|k|k|k|o|o|o|o|2Z
1834,gd-0078c31b31-000019e57948883
1835,o|4W|3A|1|TW|TX|1o|o|k|6F|4X|k|k|k|36|36|o|k|o|k|k|5X|k|4X|k|SU|k|58|4X|R0|FD|4h|Nw|o|k|o|n|o|9L|TY|51|36|k|k|6F|4X|4X|k|58|5X|5J|o|o|k|2Z|k|8R|4X|o|o|k|1b|1q|o|o|o|o|k|5X|4X|4X|o|o|o|o|o|o|o|o|5T|11|4d|4d|5W|5X|k|o|o|o|5Y|o|||TZ
1836,n|30
1837,2026-05-24T01:24:08.546Z
1838,n|2q.7pbRVFmX
1839,o|4t|1b|4d|o|k|k|k|n|o|o|o|2Z
1840,n|1W.PrQk6E76
1841,n|2b.Ijqremoa
1842,n|t.3AvXZLn3o
1843,o|5H|58|5X|Tf|Tg|4X|5X|5X|k|Th
1844,gd-0078c31b31-000019e5794e4b3
1845,o|4W|3A|1|Tb|Tc|1o|o|k|6F|4X|k|k|k|36|36|n|k|o|k|4X|5X|k|k|4X|SU|k|6m|5X|M1|Td|4h|Nr|o|k|o|o|o|9L|Te|51|Fn|k|k|6F|5X|4X|k|58|2Z|Ti|o|o|k|2Z|k|1v|6F|n|o|k|1b|1q|n|n|o|n|k|5X|4X|4X|o|o|o|o|o|o|n|n|5T|11|4d|4d|5W|5X|Bc|o|o|o|5Y|o|||Tj
1846,n|31
1847,2026-05-24T01:26:25.243Z
1848,n|1M.7SVGiBe2
1849,n|J.DYt
1850,o|4t|s|4d|o|k|k|k|o|o|o|o|4X
1851,gd-0078c31b31-000019e57955590
1852,o|4W|3A|1|Tl|Tm|37|n|k|6F|4X|k|k|k|36|36|o|k|o|k|k|k|k|4X|k|P6|k|A1|4X|Tn|To|61|5l|o|k|o|n|o|69|Tp|51|36|k|k|4X|2Z|k|k|7S|2Z|5J|o|o|k|4X|k|6L|5X|o|o|k|s|2h|o|o|o|o|k|2Z|4X|4X|o|o|o|o|o|o|o|o|5T|1d|4d|4d|5W|5X|k|o|o|o|5Y|o|||Tq
1853,n|32
1854,2026-05-24T01:26:37.775Z
1855,n|2m.CyBXD729
1856,gd-0078c31b31-000019e57973b48
1857,o|4W|3A|1|Ts|Tt|37|n|k|6F|4X|k|k|k|36|36|o|k|o|k|4X|k|k|4X|k|P6|k|A9|5X|Tu|KM|HA||o|k|o|n|o|69|Tp|51|36|k|k|4X|2Z|k|k|7S|2Z|5J|o|o|k|4X|k|8z|2y|o|o|k|s|2h|o|o|o|o|k|2Z|4X|4X|o|o|o|o|o|o|o|o|5T|1d|4d|4d|5W|5X|k|o|o|o|5Y|o|||Tv
1858,n|33
1859,2026-05-24T01:26:56.501Z
1860,n|3R.JNQvv5UH
1861,gd-0078c31b31-000019e57976b79
1862,o|4W|3A|1|Tx|Ty|37|n|k|6F|4X|k|k|k|36|36|o|k|o|k|5X|k|k|4X|k|P6|k|AI|2Z|SL|Tz|4h|NR|o|k|o|n|o|69|Tp|51|36|k|k|4X|2Z|k|k|7S|2Z|5J|o|o|k|4X|k|8F|2y|o|o|k|s|2h|o|o|o|o|k|2Z|4X|4X|o|o|o|o|o|o|o|o|5T|1d|4d|4d|5W|5X|k|o|o|o|5Y|o|||U0
1863,n|34
1864,2026-05-24T01:27:12.841Z
1865,o|4t|s|4d|o|4X|k|k|o|o|o|o|4X
1866,gd-0078c31b31-000019e5797b190
1867,o|4W|3A|1|U2|U3|37|n|k|6F|4X|k|k|k|36|36|n|k|o|k|2Z|k|k|4X|k|P6|k|7r|1o|Rl|Qi|61|9K|o|k|o|n|o|69|U4|51|36|k|k|4X|1o|k|k|7S|2Z|7q|o|o|k|4X|k|7l|6F|o|o|k|s|2h|n|n|o|o|k|2Z|4X|4X|o|o|o|o|o|o|o|o|5T|1d|4d|4d|5W|5X|7r|o|o|o|5Y|o|||U5
1868,n|35
1869,2026-05-24T01:27:50.535Z
1870,n|1I.LWvTuiSt
1871,o|4t|v|4v|o|k|k|k|o|o|o|o|5X
1872,o|4z|s|o|k|k|k|o|o|o|o|4X
1873,o|4x|UB|50|50
1874,gd-0078c31b31-000019e5797f9fd
1875,o|4W|3A|1|U7|U8|37|n|k|6F|4X|k|k|k|36|36|o|k|o|k|k|k|k|4X|k|P6|k|Ah|4X|Gz|U9|4h|NE|o|k|o|n|o|69|UA|UC|36|k|k|5X|2Z|k|k|A1|2Z|5J|o|o|k|5X|k|6u|4X|o|o|k|v|2h|o|o|o|o|k|2Z|4X|4X|o|o|o|o|o|o|o|o|5T|1d|4v|4d|5W|1o|k|o|o|o|5Y|o|||UD
1876,n|36
1877,2026-05-24T01:28:08.585Z
1878,gd-0078c31b31-000019e5798893f
1879,o|4W|3A|1|UF|UG|37|n|k|6F|4X|k|k|k|36|36|o|4X|o|k|4X|k|k|k|k|P6|k|As|4X|k|k|C9|k|o|k|o|o|o|69|UA|UC|36|k|k|5X|2Z|k|k|A1|2Z|CE|o|o|k|5X|k|k|k|o|o|k|v|2h|o|o|o|o|k|2Z|4X|4X|o|o|o|o|o|o|o|o|5T|1d|4v|4d|5W|1o|k|o|o|o|5Y|o|||UH
1880,n|37
1881,2026-05-24T01:28:22.429Z
1882,n|2e.1Mq
1883,o|4z|s|o|k|5X|k|o|o|o|o|4X
1884,o|4x|UM|50|50
1885,gd-0078c31b31-000019e5798c0fc
1886,o|4W|3A|1|UJ|UK|37|n|k|6F|4X|k|k|k|36|36|o|k|o|k|4X|k|k|4X|k|P6|k|As|5X|Au|UL|4h|k|o|k|o|n|o|69|UA|UN|36|k|k|5X|2Z|k|k|A1|2Z|5J|o|o|k|5X|k|5K|58|o|o|k|v|2h|o|o|o|o|k|2Z|4X|4X|o|o|o|o|o|o|o|o|5T|1d|4v|4d|5W|1o|k|o|o|o|5Y|o|||UO
1887,n|38
1888,2026-05-24T01:28:52.795Z
1889,n|37.BrAzOoVU
1890,o|4x|50|UB|50
1891,gd-0078c31b31-000019e579907ea
1892,o|4W|3A|1|UQ|UR|37|n|k|6F|4X|k|k|k|36|36|o|k|o|k|5X|k|4X|k|k|P6|k|Az|2Z|6o|US|61|A5|o|k|n|o|o|69|UA|UT|36|k|k|5X|2Z|k|k|A1|2Z|5f|o|o|k|5X|k|1v|6F|o|n|k|v|2h|o|o|o|o|k|2Z|4X|4X|o|o|o|o|o|o|o|o|5T|1d|4v|4d|5W|1o|k|o|o|o|5Y|o|||UU
1893,n|39
1894,2026-05-24T01:29:11.543Z
1895,n|1y.MrYqsISQ
1896,n|3Z.OMyvfc9t
1897,gd-0078c31b31-000019e57997940
1898,o|4W|3A|1|UW|UX|37|n|k|6F|4X|k|k|k|36|36|o|k|o|4X|5X|k|k|4X|k|P6|k|B6|1o|UY|UZ|61|DV|o|k|o|n|o|69|UA|UT|36|k|k|5X|2Z|k|k|A1|2Z|5J|o|o|k|5X|k|8F|58|o|o|k|v|2h|o|o|o|o|k|2Z|4X|4X|o|o|o|o|o|o|o|o|5T|1d|4v|4d|5W|1o|k|o|o|o|5Y|o|||Ua
1899,n|3A
1900,2026-05-24T01:29:43.068Z
1901,n|35.7pbRVFf3
1902,gd-0078c31b31-000019e5799bf0a
1903,o|4W|3A|1|Uc|Ud|37|n|k|6F|4X|k|k|k|36|36|o|k|o|4X|2Z|k|4X|k|k|P6|k|BC|37|NG|Ue|4h|NR|o|k|n|o|o|69|UA|UT|36|k|k|5X|2Z|k|k|A1|2Z|5f|o|o|k|5X|k|1v|6F|o|o|k|v|2h|o|o|o|o|k|2Z|4X|4X|o|o|o|o|o|o|o|o|5T|1d|4v|4d|5W|1o|k|o|o|o|5Y|o|||Uf
1904,n|3B
1905,2026-05-24T01:30:09.595Z
1906,n|3D.F2S
1907,n|2c.FnOKPsku
1908,n|5i.nOJdfGy
1909,o|5H|4X|5X|Uk|6T|4X|k|k|k|Ul
1910,gd-0078c31b31-000019e579a3c3b
1911,o|4W|3A|1|Uh|Ui|37|n|k|6F|4X|k|k|k|36|36|o|k|o|5X|2Z|k|k|k|k|P6|k|BL|1v|Qn|Uj|4h|Nr|o|k|o|o|o|69|UA|UT|36|k|k|5X|2Z|k|k|A1|2Z|Um|o|o|k|5X|k|5K|58|n|o|k|v|2h|o|o|o|n|k|2Z|4X|4X|o|o|o|o|o|o|n|n|5T|1d|4v|4d|5W|1o|k|o|o|o|5Y|o|||Un
1912,n|3C
1913,2026-05-24T01:30:34.769Z
1914,n|1M.LWvTuW8W
1915,o|4t|v|4v|o|k|k|k|n|o|o|o|5X
1916,gd-0078c31b31-000019e579aaca3
1917,o|4W|3A|1|Up|Uq|37|n|k|6F|4X|k|k|k|36|36|n|k|o|5X|2Z|k|4X|k|4X|P6|k|BQ|2y|GI|Ur|61|Df|o|k|n|o|o|69|Us|UT|36|k|k|5X|1o|k|k|A1|1o|Fb|o|o|k|5X|k|1o|5X|o|o|k|v|2h|n|n|n|n|k|2Z|4X|4X|o|o|o|o|o|o|o|n|5T|1d|4v|4d|5W|1o|A1|o|o|o|5Y|o|||Ut
1918,n|3D
1919,2026-05-24T01:31:08.803Z
1920,o|4t|y|4v|o|k|k|k|o|o|o|o|2Z
1921,gd-0078c31b31-000019e579b0afb
1922,o|4W|3A|1|Uv|Uw|37|n|k|6F|4X|k|k|k|36|36|o|k|o|k|k|4X|4X|k|k|P6|k|6j|4X|Kc|Rx|8J|MU|o|k|n|o|o|69|Ux|UT|36|k|k|2Z|2Z|5X|k|2y|1o|5f|o|o|k|2Z|k|58|58|o|n|k|y|2h|o|o|o|o|k|2Z|4X|4X|o|o|o|o|o|o|o|o|5T|1d|4v|4d|5W|1o|k|o|o|o|5Y|o|||Uy
1923,n|3E
1924,2026-05-24T01:31:47.138Z
1925,n|22.GVXG55zN
1926,gd-0078c31b31-000019e579b8727
1927,o|4W|3A|1|V0|V1|37|n|k|6F|4X|k|k|k|36|36|o|k|o|4X|k|4X|4X|k|k|P6|k|Bo|5X|V2|Fx|8J|CS|o|k|n|o|o|69|Ux|UT|36|k|k|2Z|2Z|5X|k|2y|1o|5f|o|o|k|2Z|k|58|58|o|o|k|y|2h|o|o|o|o|k|2Z|4X|4X|o|o|o|o|o|o|o|o|5T|1d|4v|4d|5W|5X|k|o|o|o|5Y|o|||V3
1928,n|3F
1929,2026-05-24T01:32:07.208Z
1930,n|22.J9drPamn
1931,n|1i.9hgRPBWH
1932,n|2r.2SvbqVXT
1933,n|4A.C5PDxvyw
1934,n|5g.jGccBVi
1935,o|5H|4X|5X|V9|VA|2Z|k|k|k|VB
1936,gd-0078c31b31-000019e579c21c9
1937,o|4W|3A|1|V5|V6|37|n|k|6F|4X|k|k|k|36|36|o|k|o|5X|k|4X|k|k|k|P6|k|Bv|2Z|V7|V8|8J|MU|o|k|o|o|o|69|Ux|UT|36|k|k|2Z|2Z|5X|k|2y|1o|VC|o|o|k|2Z|k|6F|1v|n|o|k|y|2h|o|o|o|n|k|2Z|4X|4X|o|o|o|o|o|o|n|n|5T|1d|4v|4d|5W|1o|k|o|o|o|5Y|o|||VD
1938,n|3G
1939,2026-05-24T01:32:34.980Z
1940,n|2S.BfdLebSe
1941,n|3e.1Mv
1942,gd-0078c31b31-000019e579c790d
1943,o|4W|3A|1|VF|VG|37|n|k|6F|4X|k|k|k|36|36|o|k|o|5X|k|4X|k|4X|k|P6|k|Bc|1o|VH|VI|4h|Nl|o|k|o|n|o|69|Ux|UT|36|k|k|2Z|2Z|5X|k|2y|1o|5J|o|o|k|2Z|k|8F|58|o|o|k|y|2h|o|o|o|o|k|2Z|4X|4X|o|o|o|o|o|o|o|o|5T|1d|4v|4d|5W|k|k|o|o|o|5Y|o|||VJ
1944,n|3H
1945,2026-05-24T01:33:12.405Z
1946,n|14.QvNlKGTi
1947,o|4t|y|4v|o|1o|k|k|o|o|o|n|2Z
1948,o|4z|s|o|1o|k|k|o|o|o|n|4X
1949,o|4x|50|VP|50
1950,n|4G.1ZjsHNSb
1951,n|29.sTQbK20
1952,n|P.2QQCe79B2
1953,o|5H|2y|5X|VR|VS|5X|2Z|1o|k|VT
1954,o|5R|2h|4X|4X|4X
1955,o|5P|VV|5S|VV|5S
1956,o|5P|8A|5V|8A|8A
1957,gd-0078c31b31-000019e579cd9ee
1958,o|4W|3A|1|VL|VM|37|n|5X|6F|4X|k|5X|5X|36|36|n|k|o|5X|4X|4X|k|k|k|P6|k|CH|37|VN|8i|61|AM|o|k|o|o|o|69|VO|VQ|83|k|5X|2Z|1o|2Z|5X|2y|1o|VU|o|o|k|2Z|k|2Z|2y|o|o|k|y|2h|n|n|o|n|k|2Z|4X|4X|o|o|o|o|o|o|o|n|VW|1d|4v|4d|VX|k|8C|o|o|o|5Y|o|||VY
1959,n|3I
1960,2026-05-24T01:34:00.631Z
1961,n|o.2QOgEFEfH
1962,n|2A.BrAzOcRA
1963,o|4t|11|4v|o|k|k|k|o|o|o|o|1o
1964,gd-0078c31b31-000019e579dd2e6
1965,o|4W|3A|1|Va|Vb|37|n|k|6m|4X|k|k|k|36|36|o|k|o|k|k|4X|4X|k|k|P6|k|CO|4X|Vc|Vd|4h|NE|o|k|n|o|o|69|Ve|51|36|k|k|1o|2Z|4X|k|58|1o|5f|o|o|k|1o|k|5X|1o|o|n|k|11|2h|o|o|o|o|k|2Z|4X|4X|o|o|o|o|o|o|o|o|5T|1d|4v|4d|5W|1o|k|o|o|o|5Y|o|||Vf
1966,n|3J
1967,2026-05-24T01:34:20.633Z
1968,n|15.OyXfVEkH
1969,n|2H.7pbRV26v
1970,o|4t|11|4v|o|k|k|k|n|o|o|o|1o
1971,n|1T.Bs854brw
1972,n|2Z.BHHdMwbE
1973,n|v.6IQFuZJl
1974,o|5H|58|2Z|Vm|Vn|5X|5X|5X|k|Vo
1975,gd-0078c31b31-000019e579e2af1
1976,o|4W|3A|1|Vh|Vi|37|n|k|6m|4X|k|k|k|36|36|n|k|o|4X|k|4X|k|k|4X|P6|k|CX|5X|Vj|Vk|8J|6q|o|k|o|o|o|69|Vl|51|5q|k|k|1o|1o|4X|k|58|37|Vp|o|o|k|1o|k|5X|1o|n|o|k|11|2h|n|n|o|n|k|2Z|4X|4X|o|o|o|o|o|o|n|n|5T|1d|4v|4d|5W|5X|DS|o|o|o|5Y|o|||Vq
1977,n|3K
1978,2026-05-24T01:34:49.798Z
1979,o|4t|14|4v|o|k|k|k|o|o|o|o|37
1980,gd-0078c31b31-000019e579e8bd5
1981,o|4W|3A|1|Vs|Vt|37|n|k|6m|4X|k|k|k|36|36|o|k|o|k|k|5X|4X|k|k|P6|k|Cj|4X|Fw|NZ|4h|NX|o|k|n|o|o|69|Vu|51|36|k|k|37|2Z|5X|k|A1|37|5f|o|o|k|37|k|5X|1o|o|n|k|14|2h|o|o|o|o|k|2Z|4X|4X|o|o|o|o|o|o|o|o|5T|1d|4v|4d|5W|1o|k|o|o|o|5Y|o|||Vv
1982,n|3L
1983,2026-05-24T01:35:01.232Z
1984,gd-0078c31b31-000019e579ee81a
1985,o|4W|3A|1|Vx|Vy|37|n|k|6m|4X|k|k|k|36|36|o|k|o|4X|k|5X|k|4X|k|P6|k|Ct|5X|Vc|UZ|4h|NX|o|k|o|n|o|69|Vu|51|36|k|k|37|2Z|5X|k|A1|37|5J|o|o|k|37|k|6i|2y|o|o|k|14|2h|o|o|o|o|k|2Z|4X|4X|o|o|o|o|o|o|o|o|5T|1d|4v|4d|5W|k|k|o|o|o|5Y|o|||Vz
1986,n|3M
1987,2026-05-24T01:35:16.559Z
1988,n|1y.9hgRPBd0
1989,gd-0078c31b31-000019e579f1417
1990,o|4W|3A|1|W1|W2|37|n|k|6m|4X|k|k|k|36|36|o|k|o|4X|4X|5X|k|4X|k|P6|k|Cy|2Z|9h|W3|61|9K|o|k|o|n|o|69|Vu|51|36|k|k|37|2Z|5X|k|A1|37|5J|o|o|k|37|k|38|1o|o|o|k|14|2h|o|o|o|o|k|2Z|4X|4X|o|o|o|o|o|o|o|o|5T|1d|4v|4d|5W|k|k|o|o|o|5Y|o|||W4
1991,n|3N
1992,2026-05-24T01:35:30.702Z
1993,gd-0078c31b31-000019e579f4f29
1994,o|4W|3A|1|W6|W7|37|n|k|6m|4X|k|k|k|36|36|o|k|o|4X|5X|5X|4X|k|k|P6|k|DD|1o|D0|Sk|Q5|J1|o|k|n|o|o|69|Vu|51|36|k|k|37|2Z|5X|k|A1|37|5f|o|o|k|37|k|2Z|2y|o|o|k|14|2h|o|o|o|o|k|2Z|4X|4X|o|o|o|o|o|o|o|o|5T|1d|4v|4d|5W|1o|k|o|o|o|5Y|o|||W8
1995,n|3O
1996,2026-05-24T01:35:45.853Z
1997,n|G.1yVuy97Kk
1998,gd-0078c31b31-000019e579f908c
1999,o|4W|3A|1|WA|WB|37|n|k|6m|4X|k|k|k|36|36|o|k|o|5X|5X|5X|k|4X|k|P6|k|DL|37|WC|FT|Q5|MU|o|k|o|n|o|69|Vu|51|36|k|k|37|2Z|5X|k|A1|37|5J|o|o|k|37|k|5I|2y|o|o|k|14|2h|o|o|o|o|k|2Z|4X|4X|o|o|o|o|o|o|o|o|5T|1d|4v|4d|5W|1o|k|o|o|o|5Y|o|||WD
2000,n|3P
2001,2026-05-24T01:36:02.102Z
2002,n|1z.KFCQodk2
2003,n|3I.BrAzObDZ
2004,o|4t|14|4v|o|k|k|k|n|o|o|o|37
2005,gd-0078c31b31-000019e579fc5fb
2006,o|4W|3A|1|WF|WG|37|n|k|6m|4X|k|k|k|36|36|n|k|o|5X|2Z|5X|4X|k|4X|P6|k|DS|1v|WH|WI|4h|NM|o|k|n|o|o|69|WJ|51|36|k|k|37|1o|5X|k|A1|1v|Fb|o|o|k|37|k|8F|58|n|o|k|14|2h|n|n|n|n|k|2Z|4X|4X|o|o|o|o|o|o|n|n|5T|1d|4v|4d|5W|4X|A1|o|o|o|5Y|o|||WK
2007,n|3Q
2008,2026-05-24T01:38:16.270Z
2009,n|1d.1Mv
2010,o|4t|1d|4d|o|k|k|k|o|o|o|o|4X
2011,gd-0078c31b31-000019e57a007e1
2012,o|4W|3A|1|WM|WN|37|o|k|6m|4X|k|k|k|36|36|o|k|o|k|k|k|4X|k|k|SU|k|6u|4X|Bg|WO|4h|Nl|o|k|n|o|o|9L|WP|51|36|k|k|58|4X|4X|k|58|2Z|5f|o|o|k|4X|k|5X|1v|o|n|k|1d|1q|o|o|o|o|k|5X|4X|4X|o|o|o|o|o|o|o|o|5T|11|4d|4d|5W|1o|k|o|o|o|5Y|o|||WQ
2013,n|3R
2014,2026-05-24T01:38:25.489Z
2015,n|1g.ERBROhZl
2016,n|2J.NP0Tocyx
2017,gd-0078c31b31-000019e57a20d2a
2018,o|4W|3A|1|WS|WT|37|o|k|6m|4X|k|k|k|36|36|o|k|o|4X|k|k|4X|k|k|SU|k|38|5X|WU|WV|61|5l|o|k|n|o|o|9L|WP|51|36|k|k|58|4X|4X|k|58|2Z|5f|o|o|k|4X|k|37|37|o|o|k|1d|1q|o|o|o|o|k|5X|4X|4X|o|o|o|o|o|o|o|o|5T|11|4d|4d|5W|5X|k|o|o|o|5Y|o|||WW
2019,n|3S
2020,2026-05-24T01:38:35.402Z
2021,n|1L.9hgRPAHl
2022,gd-0078c31b31-000019e57a24026
2023,o|4W|3A|1|WY|WZ|37|o|k|6m|4X|k|k|k|36|36|o|k|o|5X|k|k|k|4X|k|SU|k|5e|2Z|JC|Wa|4h|Nr|o|k|o|n|o|9L|WP|51|36|k|k|58|4X|4X|k|58|2Z|5J|o|o|k|4X|k|8a|4X|o|o|k|1d|1q|o|o|o|o|k|5X|4X|4X|o|o|o|o|o|o|o|o|5T|11|4d|4d|5W|5X|k|o|o|o|5Y|o|||Wb
2024,n|3T
2025,2026-05-24T01:38:47.838Z
2026,gd-0078c31b31-000019e57a2576a
2027,o|4W|3A|1|Wd|We|37|o|k|6m|4X|k|k|k|36|36|o|k|o|5X|4X|k|k|4X|k|SU|k|5I|1o|BN|7o|4h|Nw|o|k|o|n|o|9L|WP|51|36|k|k|58|4X|4X|k|58|2Z|5J|o|o|k|4X|k|8z|2y|o|o|k|1d|1q|o|o|o|o|k|5X|4X|4X|o|o|o|o|o|o|o|o|5T|11|4d|4d|5W|5X|k|o|o|o|5Y|o|||Wf
2028,n|3U
2029,2026-05-24T01:38:59.587Z
2030,n|2p.NP0Tocy2
2031,n|2D.6nt6v6RU
2032,n|4V.1xqfiTVx
2033,n|5R.jLpKEQ3
2034,o|5H|4X|k|Wk|Wl|5X|k|k|k|Wm
2035,gd-0078c31b31-000019e57a28829
2036,o|4W|3A|1|Wh|Wi|37|o|k|6m|4X|k|k|k|36|36|o|k|o|5X|5X|k|k|k|k|SU|k|7S|37|G8|Wj|8J|MZ|o|k|o|o|o|9L|WP|51|36|k|k|58|4X|4X|k|58|2Z|Wn|o|o|k|4X|k|5K|2y|n|o|k|1d|1q|o|o|o|n|k|5X|4X|4X|o|o|o|o|o|o|n|n|5T|11|4d|4d|5W|5X|k|o|o|o|5Y|o|||Wo
2037,n|3V
2038,2026-05-24T01:39:15.347Z
2039,n|24.NP0Tod6R
2040,n|Y.Ijqremh1
2041,n|4D.FdekTKYs
2042,o|5H|4X|5X|Wt|Jm|2Z|k|k|k|Wu
2043,gd-0078c31b31-000019e57a2c279
2044,o|4W|3A|1|Wq|Wr|37|o|k|6m|4X|k|k|k|36|36|o|k|o|5X|5X|k|k|k|k|SU|k|6i|1v|R7|Ws|4h|Nl|o|k|o|o|o|9L|WP|51|36|k|k|58|4X|4X|k|58|2Z|Wv|o|o|k|4X|k|6F|1o|o|o|k|1d|1q|o|o|o|n|k|5X|4X|4X|o|o|o|o|o|o|o|n|5T|11|4d|4d|5W|5X|k|o|o|o|5Y|o|||Ww
2045,n|3W
2046,2026-05-24T01:39:27.699Z
2047,n|1Y.AHEGbqYc
2048,n|T.3vhpIgQRj
2049,gd-0078c31b31-000019e57a2fb7b
2050,o|4W|3A|1|Wy|Wz|37|o|k|6m|4X|k|k|k|36|36|o|k|o|5X|5X|k|k|4X|k|SU|k|6L|2y|X0|X1|4h|Nw|o|k|o|n|o|9L|WP|51|36|k|k|58|4X|4X|k|58|2Z|5J|o|o|k|4X|k|6L|5X|o|o|k|1d|1q|o|o|o|o|k|5X|4X|4X|o|o|o|o|o|o|o|o|5T|11|4d|4d|5W|5X|k|o|o|o|5Y|o|||X2
2051,n|3X
2052,2026-05-24T01:39:46.061Z
2053,n|2k.JNQvvIlW
2054,o|4t|1d|4d|o|k|k|k|n|o|o|o|4X
2055,o|5o|1G|k|1o|36|2Z
2056,a|X8|Fm
2057,n|1m.KUbm5VUf
2058,n|38.7hCBm42T
2059,n|W.Ftzo7VXp
2060,o|5H|58|2Z|XA|XB|4X|5X|1o|k|XC
2061,gd-0078c31b31-000019e57a32922
2062,o|4W|3A|1|X4|X5|37|o|k|6m|4X|k|k|k|36|36|n|k|o|5X|2Z|k|k|k|4X|SU|k|7l|6F|91|X6|4h|NR|o|k|o|o|o|9L|X7|51|X9|k|k|58|5X|4X|k|58|1o|XD|o|o|k|4X|k|1v|6F|o|o|k|1d|1q|n|n|o|n|k|5X|4X|4X|o|o|o|o|o|o|o|n|5T|11|4d|4d|5W|5X|Bo|o|o|o|5Y|o|||XE
2063,n|3Y
2064,2026-05-24T01:40:15.478Z
2065,n|24.5sAKDXUm
2066,o|4t|1N|4v|o|k|k|k|o|o|o|o|5X
2067,gd-0078c31b31-000019e57a37d45
2068,o|4W|3A|1|XG|XH|37|o|k|6m|4X|k|k|k|36|36|o|k|o|k|k|4X|4X|k|k|SU|k|7u|4X|XI|Vk|4h|Nr|o|k|n|o|o|9L|XJ|51|36|k|k|4X|5X|k|k|A1|1o|5f|o|o|k|5X|k|6F|1v|o|n|k|1N|1q|o|o|o|o|k|5X|4X|4X|o|o|o|o|o|o|o|o|5T|11|4v|4d|5W|1o|k|o|o|o|5Y|o|||XK
2069,n|3Z
2070,2026-05-24T01:40:24.643Z
2071,n|n.DQgBJn5C
2072,n|1P.BrAzOcI0
2073,gd-0078c31b31-000019e57a3dff2
2074,o|4W|3A|1|XM|XN|37|o|k|6m|4X|k|k|k|36|36|o|k|o|4X|k|4X|4X|k|k|SU|k|8F|5X|XO|XP|Q5|CS|o|k|n|o|o|9L|XJ|51|36|k|k|4X|5X|k|k|A1|1o|5f|o|o|k|5X|k|4X|4X|o|o|k|1N|1q|o|o|o|o|k|5X|4X|4X|o|o|o|o|o|o|o|o|5T|11|4v|4d|5W|1o|k|o|o|o|5Y|o|||XQ
2075,n|3a
2076,2026-05-24T01:40:35.719Z
2077,n|1I.MIurQnBk
2078,o|4t|1N|4v|o|k|k|k|n|o|o|o|5X
2079,gd-0078c31b31-000019e57a409a0
2080,o|4W|3A|1|XS|XT|37|o|k|6m|4X|k|k|k|36|36|n|k|o|5X|k|4X|4X|k|4X|SU|k|8R|2Z|XU|Gr|4h|O4|o|k|n|o|o|9L|XV|51|36|k|k|4X|2Z|k|k|A1|37|Fb|o|o|k|5X|k|6L|5X|n|o|k|1N|1q|n|n|n|n|k|5X|4X|4X|o|o|o|o|o|o|n|n|5T|11|4v|4d|5W|5X|A1|o|o|o|5Y|o|||XW
2081,n|3b
2082,2026-05-24T01:41:01.269Z
2083,n|2Q.BrAzOcHv
2084,o|4t|1P|4v|o|k|k|k|n|o|o|o|2Z
2085,n|3U.OXGNN8Q
2086,n|32.7bm6E746
2087,n|G.AlngVcv1
2088,o|5H|58|5X|Xc|Xd|5X|2Z|37|k|Xe
2089,gd-0078c31b31-000019e57a43561
2090,o|4W|3A|1|XY|XZ|37|o|k|6m|4X|k|k|k|36|36|n|k|o|k|k|5X|k|k|4X|SU|k|8a|4X|Er|Xa|4h|Ms|o|k|o|o|o|9L|Xb|51|AP|k|k|5X|2Z|k|k|58|1v|Xf|o|o|k|2Z|k|58|58|n|o|k|1P|1q|n|n|o|n|k|5X|4X|4X|o|o|o|o|o|o|n|n|5T|11|4v|4d|5W|k|AU|o|o|o|5Y|o|||Xg
2091,2026-05-24T01:49:43.121Z
2092,o|4c|2n|4d|k
2093,o|4t|17|4v|o|k|k|k|o|o|o|o|4X
2094,n|1D.LEdtIQ4n
2095,n|41.1hBXkZ1H
2096,n|5Y.2fLmgOJl
2097,o|5H|4X|k|Xl|Xm|4X|k|k|k|Xn
2098,gd-0078c31b31-000019e57a4a3a1
2099,o|4W|3A|1|2m|Xi|1v|n|k|6m|4X|k|k|k|36|36|o|k|o|k|k|k|4X|k|k|Xj|k|4X|4X|XU|6a|4h|Df|o|k|n|o|o|69|Xk|51|36|k|k|1v|2Z|4X|k|2y|k|Xo|o|o|k|4X|k|7l|6F|n|n|k|17|2n|o|o|o|n|k|1o|4X|5X|o|o|o|o|o|o|n|n|5T|1d|4v|4d|5W|5X|k|o|o|o|5Y|o|||Xp
2100,n|3d
2101,2026-05-24T01:50:02.372Z
2102,n|5.onuzj8VR
2103,n|48.7vlsSCM
2104,n|3J.ASBANYq
2105,o|5H|4X|5X|Xt|Xu|2Z|k|k|k|Xv
2106,gd-0078c31b31-000019e57ac8fa8
2107,o|4W|3A|1|Xr|Xs|1v|n|k|6m|4X|k|k|k|36|36|o|k|o|4X|k|k|4X|k|k|Xj|k|5X|5X|QG|Kk|4h|5l|o|k|n|o|o|69|Xk|51|36|k|k|1v|2Z|4X|k|2y|k|Xw|o|o|k|4X|k|38|1o|o|o|k|17|2n|o|o|o|n|k|1o|4X|4X|o|o|o|o|o|o|o|n|5T|1d|4v|4d|5W|1o|k|o|o|o|5Y|o|||Xx
2108,n|3e
2109,2026-05-24T01:50:17.912Z
2110,gd-0078c31b31-000019e57ace659
2111,o|4W|3A|1|Xz|Y0|1v|n|k|6m|4X|k|k|k|36|36|o|k|o|5X|k|k|k|4X|k|Xj|k|2Z|2Z|VN|FT|61|FU|o|k|o|n|o|69|Xk|51|36|k|k|1v|2Z|4X|k|2y|k|5J|o|o|k|4X|k|6i|2y|o|o|k|17|2n|o|o|o|o|k|1o|4X|4X|o|o|o|o|o|o|o|o|5T|1d|4v|4d|5W|1o|k|o|o|o|5Y|o|||Y1
2112,n|3f
2113,2026-05-24T01:50:42.895Z
2114,n|10.5
2115,o|4t|17|4v|o|1o|k|k|o|o|o|n|4X
2116,n|4M.GAmhRiHk
2117,n|33.CjLJMOR4
2118,n|C.419UnlEL8
2119,o|5H|2y|4X|Y7|Y8|5X|2Z|37|k|Y9
2120,o|5R|2n|4X|4X|4X
2121,o|5P|YB|5S|5S|5S
2122,o|5P|8A|5V|5V|8A
2123,gd-0078c31b31-000019e57ad23aa
2124,o|4W|3A|1|Y3|Y4|1v|n|4X|6m|4X|k|4X|4X|36|36|n|k|o|5X|4X|k|k|k|k|Xj|k|1o|1o|SL|Y5|4h|k|o|k|o|o|o|69|Y6|51|36|k|4X|1v|1o|5X|4X|2y|k|YA|o|o|k|4X|k|2y|2Z|o|o|k|17|2n|n|n|o|n|k|1o|4X|4X|o|o|o|o|o|o|o|n|YC|1d|4v|4d|YD|k|8C|o|o|o|5Y|o|||YE
2125,2026-05-24T01:51:32.045Z
2126,n|2a.7pbRVFeD
2127,o|4t|1x|4d|o|k|k|k|o|n|o|o|5X
2128,gd-0078c31b31-000019e57add87b
2129,o|4W|3A|1|1w|YG|1v|n|k|6u|4X|k|k|k|36|36|o|k|o|k|k|k|k|4X|k|Xj|k|37|4X|7N|YH|61|7Y|o|k|o|n|o|69|YI|51|36|k|k|2y|k|k|k|5X|k|5J|o|o|k|5X|k|5e|58|o|o|k|1x|2n|o|o|o|o|k|1o|5X|4X|o|o|o|o|o|o|o|o|5T|1d|4d|4d|5W|5X|k|o|o|o|5Y|o|||YJ
2130,n|3h
2131,2026-05-24T01:51:48.322Z
2132,gd-0078c31b31-000019e57ae3447
2133,o|4W|3A|1|YL|YM|1v|n|k|6u|4X|k|k|k|36|36|o|k|o|k|4X|k|4X|k|k|Xj|k|1v|5X|Gq|Rc|4h|Df|o|k|n|o|o|69|YI|51|36|k|k|2y|k|k|k|5X|k|B3|o|o|k|5X|k|5X|1v|n|n|k|1x|2n|o|o|o|n|k|1o|4X|4X|o|o|o|o|o|o|n|n|5T|1d|4d|4d|5W|5X|k|o|o|o|5Y|o|||YN
2134,n|3i
2135,2026-05-24T01:52:05.625Z
2136,n|3a.NP0Tod7C
2137,gd-0078c31b31-000019e57ae70df
2138,o|4W|3A|1|YP|YQ|1v|n|k|6u|4X|k|k|k|36|36|o|k|o|4X|4X|k|k|4X|k|Xj|k|2y|2Z|NT|YR|HA|IH|o|k|o|n|o|69|YI|51|36|k|k|2y|k|k|k|5X|k|5J|o|o|k|5X|k|8z|2y|o|o|k|1x|2n|o|o|o|o|k|1o|4X|4X|o|o|o|o|o|o|o|o|5T|1d|4d|4d|5W|5X|k|o|o|o|5Y|o|||YS
2139,n|3j
2140,2026-05-24T01:52:24.971Z
2141,n|V.1wYJ3ayr
2142,n|46.Lvvu85qg
2143,n|3V.FcsfUKq
2144,o|5H|4X|2Z|Ez|YX|4X|k|k|k|YY
2145,gd-0078c31b31-000019e57aebc85
2146,o|4W|3A|1|YU|YV|1v|n|k|6u|4X|k|k|k|36|36|o|k|o|4X|5X|k|4X|k|k|Xj|k|6F|1o|YW|QS|4h|9k|o|k|n|o|o|69|YI|51|36|k|k|2y|k|k|k|5X|k|YZ|o|o|k|5X|k|38|1v|o|o|k|1x|2n|o|o|o|n|k|1o|4X|4X|o|o|o|o|o|o|o|n|5T|1d|4d|4d|5W|5X|k|o|o|o|5Y|o|||Ya
2147,n|3k
2148,2026-05-24T01:53:04.293Z
2149,n|2O.Fr5eFEpl
2150,o|4t|1x|4d|o|4X|k|k|o|n|o|o|5X
2151,n|1g.M3qaKbvV
2152,n|2T.9DqBYDH4
2153,n|r.HkvJqb52
2154,o|5H|5X|2Z|Yg|Yh|4X|5X|2Z|k|Yi
2155,gd-0078c31b31-000019e57af2660
2156,o|4W|3A|1|Yc|Yd|1v|n|k|6u|4X|k|k|k|36|36|n|k|o|5X|5X|k|k|k|k|Xj|k|58|37|Ye|8d|61|7Y|o|k|o|o|o|69|Yf|51|5q|k|k|2y|4X|4X|k|5X|k|Yj|o|o|k|5X|k|6F|1o|o|o|k|1x|2n|n|n|o|n|k|1o|4X|4X|o|o|o|o|o|o|o|n|5T|1d|4d|4d|5W|5X|1v|o|o|o|5Y|o|||Yk
2157,2026-05-24T01:53:45.335Z
2158,n|29.2par04oY
2159,o|4t|23|4d|o|k|k|k|n|n|o|o|2Z
2160,o|4z|1x|o|k|k|k|o|o|o|o|5X
2161,o|4x|Yp|50|50
2162,n|1a.IpCM6jtS
2163,n|1L.AOYoQLI2
2164,n|17.EpOiF0Aw
2165,o|5H|58|2Z|Yr|Ys|5X|4X|5X|k|Yt
2166,gd-0078c31b31-000019e57afcf9b
2167,o|4W|3A|1|22|Ym|1v|n|k|6u|4X|k|k|k|36|36|n|k|o|k|k|k|k|k|4X|Xj|k|6m|4X|Yn|IK|61|KD|o|k|o|o|o|69|Yo|Yq|98|k|k|6F|4X|k|k|58|4X|Yu|o|o|k|2Z|k|6F|1o|n|o|k|23|2n|n|n|o|n|k|1o|5X|4X|o|o|o|o|o|o|n|n|5T|1d|4d|4d|5W|5X|9D|o|o|o|5Y|o|||Yv
2168,2026-05-24T01:54:21.213Z
2169,o|4t|29|4d|o|k|k|k|o|n|o|o|1o
2170,gd-0078c31b31-000019e57b05b26
2171,o|4W|3A|1|28|Yx|1v|n|k|6u|4X|k|k|k|36|36|o|k|o|k|k|4X|k|4X|k|Xj|k|6u|4X|DF|X1|4h|k|o|k|o|n|o|69|Yy|Yq|36|k|k|58|k|k|k|A1|4X|5J|o|o|k|1o|k|7S|2Z|o|o|k|29|2n|o|o|o|o|k|1o|5X|4X|o|o|o|o|o|o|o|o|5T|1d|4d|4d|5W|5X|k|o|o|o|5Y|o|||Yz
2172,n|3n
2173,2026-05-24T01:54:37.032Z
2174,gd-0078c31b31-000019e57b0c3ab
2175,o|4W|3A|1|Z1|Z2|1v|n|k|6u|4X|k|k|k|36|36|o|k|o|k|4X|4X|k|4X|k|Xj|k|38|5X|Gz|U9|4h|9K|o|k|o|n|o|69|Yy|Yq|36|k|k|58|k|k|k|A1|4X|5J|o|o|k|1o|k|6u|2Z|o|o|k|29|2n|o|o|o|o|k|1o|4X|4X|o|o|o|o|o|o|o|o|5T|1d|4d|4d|5W|5X|k|o|o|o|5Y|o|||Z3
2176,n|3o
2177,2026-05-24T01:54:53.589Z
2178,n|1w.2NXi2usV
2179,gd-0078c31b31-000019e57b10411
2180,o|4W|3A|1|Z5|Z6|1v|n|k|6u|4X|k|k|k|36|36|o|k|o|k|5X|4X|k|4X|k|Xj|k|5e|2Z|Z7|KM|61|KD|o|k|o|n|o|69|Yy|Yq|36|k|k|58|k|k|k|A1|4X|5J|o|o|k|1o|k|8F|2y|o|o|k|29|2n|o|o|o|o|k|1o|4X|4X|o|o|o|o|o|o|o|o|5T|1d|4d|4d|5W|5X|k|o|o|o|5Y|o|||Z8
2181,n|3p
2182,2026-05-24T01:55:12.508Z
2183,n|1m.SLI4o2dl
2184,n|1O.4zXzk9eM
2185,gd-0078c31b31-000019e57b144f0
2186,o|4W|3A|1|ZA|ZB|1v|n|k|6u|4X|k|k|k|36|36|o|k|o|k|2Z|4X|4X|k|k|Xj|k|5I|1o|ZC|ZD|4h|Cb|o|k|n|o|o|69|Yy|Yq|36|k|k|58|k|k|k|A1|4X|5f|o|o|k|1o|k|1o|5X|o|n|k|29|2n|o|o|o|o|k|1o|4X|4X|o|o|o|o|o|o|o|o|5T|1d|4d|4d|5W|5X|k|o|o|o|5Y|o|||ZE
2187,n|3q
2188,2026-05-24T01:55:30.997Z
2189,n|2Y.EwWlS8of
2190,n|d.1Mq
2191,n|f.2epfAQvOo
2192,n|4J.2KHQyQjJ
2193,n|4O.8yEWrx5z
2194,o|5H|4X|2Z|ZK|ZL|4X|k|k|k|ZM
2195,gd-0078c31b31-000019e57b19339
2196,o|4W|3A|1|ZG|ZH|1v|n|k|6u|4X|k|k|k|36|36|o|k|o|4X|2Z|4X|4X|k|k|Xj|k|7S|37|ZI|ZJ|4h|A5|o|k|n|o|o|69|Yy|Yq|36|k|k|58|k|k|k|A1|4X|ZN|o|o|k|1o|k|7u|4X|n|o|k|29|2n|o|o|o|n|k|1o|4X|4X|o|o|o|o|o|o|n|n|5T|1d|4d|4d|5W|1o|k|o|o|o|5Y|o|||ZO
2197,n|3r
2198,2026-05-24T01:55:53.944Z
2199,n|f.267bOQCDs
2200,o|4t|29|4d|o|k|k|k|n|n|o|o|1o
2201,gd-0078c31b31-000019e57b1df6b
2202,o|4W|3A|1|ZQ|ZR|1v|n|k|6u|4X|k|k|k|36|36|n|k|o|5X|2Z|4X|4X|k|4X|Xj|k|6i|1v|T8|ZS|4h|9k|o|k|n|o|o|69|ZT|Yq|36|k|k|58|4X|k|k|A1|5X|Fb|o|o|k|1o|k|6L|5X|o|o|k|29|2n|n|n|n|n|k|1o|4X|4X|o|o|o|o|o|o|o|n|5T|1d|4d|4d|5W|5X|A1|o|o|o|5Y|o|||ZU
2203,n|3s
2204,2026-05-24T01:56:22.959Z
2205,n|1t.3RX1THnq
2206,o|4t|s|4d|o|k|k|k|o|o|o|o|37
2207,gd-0078c31b31-000019e57b23697
2208,o|4W|3A|1|ZW|ZX|1v|n|k|6u|4X|k|k|k|36|36|o|k|o|k|k|5X|4X|k|k|Xj|k|6L|4X|ZY|O7|HA|Ie|o|k|n|o|o|69|ZZ|Yq|36|k|k|4X|1o|k|k|6F|5X|5f|o|o|k|37|k|1v|6F|o|n|k|s|2n|o|o|o|o|k|1o|4X|4X|o|o|o|o|o|o|o|o|5T|1d|4d|4d|5W|5X|k|o|o|o|5Y|o|||Za
2209,n|3t
2210,2026-05-24T01:56:36.491Z
2211,n|2t.2WBPobH6
2212,gd-0078c31b31-000019e57b2a8be
2213,o|4W|3A|1|Zc|Zd|1v|n|k|6u|4X|k|k|k|36|36|o|k|o|4X|k|5X|k|4X|k|Xj|k|7l|5X|Ze|KM|61|KD|o|k|o|n|o|69|ZZ|Yq|36|k|k|4X|1o|k|k|6F|5X|5J|o|o|k|37|k|8z|2y|o|o|k|s|2n|o|o|o|o|k|1o|4X|4X|o|o|o|o|o|o|o|o|5T|1d|4d|4d|5W|5X|k|o|o|o|5Y|o|||Zf
2214,n|3u
2215,2026-05-24T01:56:54.808Z
2216,n|2k.OMyvfRRZ
2217,o|4t|s|4d|o|4X|k|k|o|o|o|o|37
2218,o|4z|1x|o|5X|k|k|o|o|o|o|5X
2219,o|4x|Zl|50|50
2220,n|1A.6xubFeW4
2221,n|2O.Gl71q7Fb
2222,n|18.PvWcg34k
2223,o|5H|6F|2Z|Zn|Zo|4X|4X|5X|k|Zp
2224,gd-0078c31b31-000019e57b2d755
2225,o|4W|3A|1|Zh|Zi|1v|n|k|6u|4X|k|k|k|36|36|n|k|o|4X|4X|5X|k|k|k|Xj|k|7u|2Z|9J|Zj|61|68|o|k|o|o|o|69|Zk|Zm|C1|k|k|4X|37|k|k|6F|5X|Zq|o|o|k|37|k|58|2y|n|o|k|s|2n|n|n|o|n|k|1o|4X|4X|o|o|o|o|o|o|n|n|5T|1d|4d|4d|5W|5X|68|o|o|o|5Y|o|||Zr
2226,n|3v
2227,2026-05-24T01:57:52.277Z
2228,n|2P.It63nt3U
2229,o|4t|v|4v|o|k|k|k|o|o|o|o|1v
2230,o|4z|s|o|k|k|k|o|o|o|o|37
2231,o|4x|Zx|Yp|50
2232,gd-0078c31b31-000019e57b399ef
2233,o|4W|3A|1|Zt|Zu|1v|n|k|6u|4X|k|k|k|36|36|o|k|o|k|k|5X|k|4X|k|Xj|k|8F|4X|Zv|YR|61|HB|o|k|o|n|o|69|Zw|Zy|36|k|k|5X|1o|k|k|58|5X|5J|o|o|k|1v|k|8F|58|o|o|k|v|2n|o|o|o|o|k|1o|4X|4X|o|o|o|o|o|o|o|o|5T|1d|4v|4d|5W|1o|k|o|o|o|5Y|o|||Zz
2234,n|3w
2235,2026-05-24T01:58:14.271Z
2236,n|2j.BrAzOpqo
2237,o|4t|v|4v|o|k|k|k|n|o|o|o|1v
2238,o|4z|s|n|k|k|k|o|o|o|o|37
2239,o|4z|1x|n|k|k|k|o|o|o|o|5X
2240,o|4x|a5|a6|50
2241,n|3k.OLMLdsdK
2242,n|4.kdSkIWEV
2243,o|5H|58|2Z|T0|a8|4X|2Z|37|k|a9
2244,gd-0078c31b31-000019e57b40032
2245,o|4W|3A|1|a1|a2|1v|n|k|6u|4X|k|k|k|36|36|n|k|o|k|4X|5X|k|k|4X|Xj|k|8R|5X|Z7|a3|4h|HH|o|k|o|o|o|69|a4|a7|6d|k|k|5X|37|k|k|58|2Z|aA|o|o|k|1v|k|58|58|n|o|k|v|2n|n|n|o|n|k|1o|4X|4X|o|o|o|o|o|o|n|n|5T|1d|4v|4d|5W|1o|6j|o|o|o|5Y|o|||aB
2246,2026-05-24T02:01:14.144Z
2247,o|4c|2H|4d|k
2248,o|4t|1R|4d|o|k|k|k|n|o|o|o|4X
2249,n|y.9SMWLU1
2250,o|5H|58|2Z|Bi|C3|4X|4X|5X|k|aG
2251,gd-0078c31b31-000019e57b4658e
2252,o|4W|3A|1|2E|aD|1v|o|k|6u|4X|k|k|k|36|36|n|k|o|k|k|k|k|k|4X|aE|k|8g|4X|KF|Br|4h|Nr|o|k|o|o|o|9L|aF|51|Fn|k|k|2Z|2Z|4X|k|58|2y|aH|o|o|k|4X|k|58|2y|n|o|k|1R|2H|n|n|o|n|k|2Z|4X|4X|o|o|o|o|o|o|n|n|5T|11|4d|4d|5W|5X|Bc|o|o|o|5Y|o|||aI
2253,2026-05-24T02:03:22.564Z
2254,o|4c|2N|4d|k
2255,o|4t|1T|4d|o|k|k|k|o|o|o|o|5X
2256,gd-0078c31b31-000019e57b71d49
2257,o|4W|3A|1|2M|aK|1v|o|k|6u|4X|k|k|k|36|36|o|k|o|k|k|4X|4X|k|k|aL|k|4X|4X|Ph|SW|4h|Ms|o|k|n|o|o|9L|aM|51|36|k|k|1o|5X|4X|k|5X|k|B3|o|o|k|5X|k|8F|2y|n|n|k|1T|2N|o|o|o|n|k|1o|4X|5X|o|o|o|o|o|o|n|n|5T|11|4d|4d|5W|1o|k|o|o|o|5Y|o|||aN
2258,n|3z
2259,2026-05-24T02:03:34.474Z
2260,n|3Y.BrAzOb4K
2261,gd-0078c31b31-000019e57b90d97
2262,o|4W|3A|1|aP|aQ|1v|o|k|6u|4X|k|k|k|36|36|o|k|o|4X|k|4X|4X|k|k|aL|k|5X|5X|RV|aR|HA|Cb|o|k|n|o|o|9L|aM|51|36|k|k|1o|5X|4X|k|5X|k|B3|o|o|k|5X|k|8F|2y|o|o|k|1T|2N|o|o|o|n|k|1o|4X|4X|o|o|o|o|o|o|o|n|5T|11|4d|4d|5W|5X|k|o|o|o|5Y|o|||aS
2263,n|40
2264,2026-05-24T02:03:48.152Z
2265,gd-0078c31b31-000019e57b947ae
2266,o|4W|3A|1|aU|aV|1v|o|k|6u|4X|k|k|k|36|36|o|k|o|5X|k|4X|k|4X|k|aL|k|2Z|2Z|LI|PJ|HA|HH|o|k|o|n|o|9L|aM|51|36|k|k|1o|5X|4X|k|5X|k|5J|o|o|k|5X|k|8R|4X|o|o|k|1T|2N|o|o|o|o|k|1o|4X|4X|o|o|o|o|o|o|o|o|5T|11|4d|4d|5W|5X|k|o|o|o|5Y|o|||aW
2267,n|41
2268,2026-05-24T02:04:02.023Z
2269,n|9.1aawzvYrx
2270,n|3h.C0qIeUd
2271,o|5H|4X|2Z|aa|Ac|5X|k|k|k|ab
2272,gd-0078c31b31-000019e57b98270
2273,o|4W|3A|1|aY|aZ|1v|o|k|6u|4X|k|k|k|36|36|o|k|o|5X|4X|4X|k|k|k|aL|k|1o|1o|Oy|FD|4h|N0|o|k|o|o|o|9L|aM|51|36|k|k|1o|5X|4X|k|5X|k|ac|o|o|k|5X|k|6L|5X|o|o|k|1T|2N|o|o|o|n|k|1o|4X|4X|o|o|o|o|o|o|o|n|5T|11|4d|4d|5W|5X|k|o|o|o|5Y|o|||ad
2274,n|42
2275,2026-05-24T02:04:37.204Z
2276,o|4t|1T|4d|o|4X|k|k|o|o|o|o|5X
2277,o|5o|23|k|58|36|k
2278,a|ai
2279,n|3F.K51STEof
2280,n|F.CoEGhFrg
2281,o|5H|5X|2Z|Pm|ak|5X|2Z|37|k|al
2282,gd-0078c31b31-000019e57b9aded
2283,o|4W|3A|1|af|ag|1v|o|k|6u|4X|k|k|k|36|36|n|k|o|5X|4X|4X|k|k|k|aL|k|37|37|7n|E5|Q5|7i|o|k|o|o|o|9L|ah|51|aj|k|k|1o|2Z|5X|k|5X|k|am|o|o|k|5X|k|1o|5X|o|o|k|1T|2N|n|n|o|n|k|1o|4X|4X|o|o|o|o|o|o|o|n|5T|11|4d|4d|5W|5X|58|o|o|o|5Y|o|||an
2284,n|43
2285,2026-05-24T02:05:07.145Z
2286,n|3S.Euy
2287,o|4t|1V|4d|o|k|k|k|o|o|o|o|2Z
2288,o|4z|1T|o|k|k|k|o|o|o|o|5X
2289,o|4x|at|50|50
2290,gd-0078c31b31-000019e57ba43e5
2291,o|4W|3A|1|ap|aq|1v|o|k|6u|4X|k|k|k|36|36|o|k|o|k|k|4X|k|4X|k|aL|k|1v|4X|S2|ar|4h|Ms|o|k|o|n|o|9L|as|au|36|k|k|37|5X|k|k|5X|k|5J|o|o|k|2Z|k|6i|58|o|o|k|1V|2N|o|o|o|o|k|1o|4X|4X|o|o|o|o|o|o|o|o|5T|11|4d|4d|5W|5X|k|o|o|o|5Y|o|||av
2292,n|44
2293,2026-05-24T02:05:24.437Z
2294,gd-0078c31b31-000019e57baa66d
2295,o|4W|3A|1|ax|ay|1v|o|k|6u|4X|k|k|k|36|36|o|k|o|k|4X|4X|4X|k|k|aL|k|2y|5X|FC|Ey|4h|N0|o|k|n|o|o|9L|as|au|36|k|k|37|5X|k|k|5X|k|5f|o|o|k|2Z|k|6F|1o|o|n|k|1V|2N|o|o|o|o|k|1o|4X|4X|o|o|o|o|o|o|o|o|5T|11|4d|4d|5W|5X|k|o|o|o|5Y|o|||az
2296,n|45
2297,2026-05-24T02:05:38.663Z
2298,gd-0078c31b31-000019e57bae906
2299,o|4W|3A|1|b1|b2|1v|o|k|6u|4X|k|k|k|36|36|o|4X|o|4X|4X|4X|k|k|k|aL|k|6F|5X|k|k|C9|k|o|k|o|o|o|9L|as|au|36|k|k|37|5X|k|k|5X|k|CE|o|o|k|2Z|k|k|k|o|o|k|1V|2N|o|o|o|o|k|1o|4X|4X|o|o|o|o|o|o|o|o|5T|11|4d|4d|5W|5X|k|o|o|o|5Y|o|||b3
2300,n|46
2301,2026-05-24T02:05:53.271Z
2302,gd-0078c31b31-000019e57bb17f2
2303,o|4W|3A|1|b5|b6|1v|o|k|6u|4X|k|k|k|36|36|o|k|o|4X|4X|4X|k|4X|k|aL|k|6F|2Z|RM|JN|Q5|HH|o|k|o|n|o|9L|as|au|36|k|k|37|5X|k|k|5X|k|5J|o|o|k|2Z|k|8g|1o|o|o|k|1V|2N|o|o|o|o|k|1o|4X|4X|o|o|o|o|o|o|o|o|5T|11|4d|4d|5W|5X|k|o|o|o|5Y|o|||b7
2304,n|47
2305,2026-05-24T02:06:24.362Z
2306,o|4t|1V|4d|o|5X|k|k|o|o|o|o|2Z
2307,o|4z|1T|o|1o|k|k|o|o|n|o|5X
2308,o|4x|bC|50|50
2309,o|5o|v|k|2y|Bz|k
2310,a|bE
2311,n|1V.NpbQXGWq
2312,n|3j.JDn8ZiEQ
2313,n|9.1Dw5hAc3v
2314,o|5H|5X|5X|bG|bH|4X|2Z|37|k|bI
2315,o|5R|2N|4X|k|4X
2316,o|5P|5S|bK|5S|5S
2317,o|5P|5V|Kw|5V|5V
2318,gd-0078c31b31-000019e57bb5d97
2319,o|4W|3A|1|b9|bA|1v|o|4X|6u|4X|k|k|4X|36|36|n|k|o|4X|5X|4X|k|k|k|aL|k|58|1o|Vj|5d|4h|NM|o|k|o|o|o|9L|bB|bD|bF|4X|k|37|2Z|4X|k|5X|k|bJ|o|o|k|2Z|k|2Z|58|n|o|k|1V|2N|n|n|o|n|k|1o|4X|4X|o|o|o|o|o|o|n|n|bL|11|4d|4d|bM|5X|2y|o|o|o|5Y|o|||bN
2320,2026-05-24T02:07:19.448Z
2321,n|1Y.54UxuULH
2322,o|4t|2t|4d|o|k|k|k|o|n|o|o|1o
2323,o|4z|1V|o|k|k|k|o|o|o|o|2Z
2324,o|4x|50|bS|50
2325,gd-0078c31b31-000019e57bc1c27
2326,o|4W|3A|1|2s|bP|1v|o|k|6u|5X|k|k|k|36|36|o|k|o|k|k|4X|4X|k|k|aL|k|6m|4X|bQ|ZJ|4h|Ms|o|k|n|o|o|9L|bR|bT|36|k|k|1v|k|k|k|58|k|B3|o|o|k|1o|k|6L|5X|n|n|k|2t|2N|o|o|o|n|k|1o|5X|4X|o|o|o|o|o|o|n|n|5T|11|4d|4d|5W|5X|k|o|o|o|5Y|o|||bU
2327,n|49
2328,2026-05-24T02:07:37.320Z
2329,n|1N.1UZ
2330,n|2p.G5xnE8z
2331,n|1i.80vbfLon
2332,o|5H|4X|2Z|Sq|bZ|4X|k|k|k|ba
2333,gd-0078c31b31-000019e57bcac42
2334,o|4W|3A|1|bW|bX|1v|o|k|6u|5X|k|k|k|36|36|o|k|o|4X|k|4X|4X|k|k|aL|k|6u|5X|EU|bY|Q5|7i|o|k|n|o|o|9L|bR|bT|36|k|k|1v|k|k|k|58|k|bb|o|o|k|1o|k|2y|4X|o|o|k|2t|2N|o|o|o|n|k|1o|4X|4X|o|o|o|o|o|o|o|n|5T|11|4d|4d|5W|5X|k|o|o|o|5Y|o|||bc
2335,n|4A
2336,2026-05-24T02:08:05.532Z
2337,n|1F.QF3vZlhZ
2338,n|R.2WKMhrpTh
2339,n|2r.Zk59AOJ
2340,n|1c.K9UfFzbI
2341,o|5H|4X|2Z|bh|bi|4X|k|k|k|bj
2342,gd-0078c31b31-000019e57bcf695
2343,o|4W|3A|1|be|bf|1v|o|k|6u|5X|k|k|k|36|36|o|k|o|5X|k|4X|k|k|k|aL|k|38|2Z|4f|bg|Q5|5l|o|k|o|o|o|9L|bR|bT|36|k|k|1v|k|k|k|58|k|bk|o|o|k|1o|k|8a|4X|o|o|k|2t|2N|o|o|o|n|k|1o|4X|4X|o|o|o|o|o|o|o|n|5T|11|4d|4d|5W|5X|k|o|o|o|5Y|o|||bl
2344,n|4B
2345,2026-05-24T02:08:28.863Z
2346,gd-0078c31b31-000019e57bd66ea
2347,o|4W|3A|1|bn|bo|1v|o|k|6u|5X|k|k|k|36|36|o|k|o|5X|k|4X|k|4X|k|aL|k|5e|1o|LN|XP|4h|NR|o|k|o|n|o|9L|bR|bT|36|k|k|1v|k|k|k|58|k|5J|o|o|k|1o|k|8a|4X|o|o|k|2t|2N|o|o|o|o|k|1o|4X|4X|o|o|o|o|o|o|o|o|5T|11|4d|4d|5W|5X|k|o|o|o|5Y|o|||bp
2348,n|4C
2349,2026-05-24T02:08:46.934Z
2350,o|4t|2t|4d|o|k|k|k|n|n|o|o|1o
2351,n|1Z.BzT2Rksi
2352,n|x.AF3wXX9K
2353,n|1A.42qfj2OG
2354,o|5H|58|2Z|bu|bv|5X|4X|4X|k|bw
2355,gd-0078c31b31-000019e57bdb606
2356,o|4W|3A|1|br|bs|1v|o|k|6u|5X|k|k|k|36|36|n|k|o|5X|4X|4X|k|k|4X|aL|k|5I|37|DU|OM|4h|N0|o|k|o|o|o|9L|bt|bT|Kp|k|k|1v|4X|k|k|58|4X|bx|o|o|k|1o|k|1o|5X|o|o|k|2t|2N|n|n|o|n|k|1o|4X|4X|o|o|o|o|o|o|o|n|5T|11|4d|4d|5W|k|9D|o|o|o|5Y|o|||by
2357,n|4D
2358,2026-05-24T02:09:27.946Z
2359,n|2Y.EkZneLpk
2360,o|4t|1Z|4d|o|k|k|k|o|o|o|o|37
2361,gd-0078c31b31-000019e57be3a40
2362,o|4W|3A|1|c0|c1|1v|o|k|6u|5X|k|k|k|36|36|o|k|o|k|k|5X|k|4X|k|aL|k|7S|4X|c2|Op|HA|9k|o|k|o|n|o|9L|c3|bT|36|k|k|2y|5X|k|k|7S|4X|5J|o|o|k|37|k|7u|4X|o|o|k|1Z|2N|o|o|o|o|k|1o|4X|4X|o|o|o|o|o|o|o|o|5T|11|4d|4d|5W|5X|k|o|o|o|5Y|o|||c4
2363,n|4E
2364,2026-05-24T02:09:43.398Z
2365,n|1q.JAzGtsrE
2366,n|1Q.LWvTujot
2367,n|27.6PIKS8E5
2368,n|4O.DCPiFFlf
2369,n|5U.2TRd7Orw
2370,o|5H|4X|2Z|cA|cB|2Z|k|k|k|cC
2371,gd-0078c31b31-000019e57bea799
2372,o|4W|3A|1|c6|c7|1v|o|k|6u|5X|k|k|k|36|36|o|k|o|k|4X|5X|4X|k|k|aL|k|6i|5X|c8|c9|4h|N0|o|k|n|o|o|9L|c3|bT|36|k|k|2y|5X|k|k|7S|4X|cD|o|o|k|37|k|1o|5X|n|n|k|1Z|2N|o|o|o|n|k|1o|4X|4X|o|o|o|o|o|o|n|n|5T|11|4d|4d|5W|5X|k|o|o|o|5Y|o|||cE
2373,n|4F
2374,2026-05-24T02:10:12.995Z
2375,n|2b.AXMLTwsf
2376,gd-0078c31b31-000019e57befc14
2377,o|4W|3A|1|cG|cH|1v|o|k|6u|5X|k|k|k|36|36|o|k|o|4X|4X|5X|k|4X|k|aL|k|6L|2Z|cI|7c|4h|NM|o|k|o|n|o|9L|c3|bT|36|k|k|2y|5X|k|k|7S|4X|5J|o|o|k|37|k|8z|2y|o|o|k|1Z|2N|o|o|o|o|k|1o|4X|4X|o|o|o|o|o|o|o|o|5T|11|4d|4d|5W|5X|k|o|o|o|5Y|o|||cJ
2378,n|4G
2379,2026-05-24T02:10:29.917Z
2380,n|V.q
2381,gd-0078c31b31-000019e57bf4f62
2382,o|4W|3A|1|cL|cM|1v|o|k|6u|5X|k|k|k|36|36|o|k|o|4X|5X|5X|k|4X|k|aL|k|7l|1o|Vc|cN|4h|Ms|o|k|o|n|o|9L|c3|bT|36|k|k|2y|5X|k|k|7S|4X|5J|o|o|k|37|k|7S|2Z|o|o|k|1Z|2N|o|o|o|o|k|1o|4X|4X|o|o|o|o|o|o|o|o|5T|11|4d|4d|5W|5X|k|o|o|o|5Y|o|||cO
2383,n|4H
2384,2026-05-24T02:10:49.789Z
2385,n|2U.BrAzOpyI
2386,o|4t|1Z|4d|o|4X|k|k|o|o|o|o|37
2387,gd-0078c31b31-000019e57bf94d5
2388,o|4W|3A|1|cQ|cR|1v|o|k|6u|5X|k|k|k|36|36|n|k|o|4X|2Z|5X|k|4X|k|aL|k|7u|37|Dd|cS|4h|N0|o|k|o|n|o|9L|cT|bT|36|k|k|2y|2Z|k|k|7S|4X|7q|o|o|k|37|k|5K|2y|o|o|k|1Z|2N|n|n|o|o|k|1o|4X|4X|o|o|o|o|o|o|o|o|5T|11|4d|4d|5W|5X|7r|o|o|o|5Y|o|||cU
2389,n|4I
2390,2026-05-24T02:11:24.422Z
2391,n|2u.MIurQnBk
2392,o|4t|1b|4d|o|k|k|k|o|o|o|o|1v
2393,o|4z|1Z|o|k|k|k|o|o|o|o|37
2394,o|4x|ca|bS|50
2395,gd-0078c31b31-000019e57bfe21b
2396,o|4W|3A|1|cW|cX|1v|o|k|6u|5X|k|k|k|36|36|o|k|o|k|k|5X|k|4X|k|aL|k|8F|4X|cY|6E|4h|Ms|o|k|o|n|o|9L|cZ|cb|36|k|k|6F|5X|4X|k|7S|4X|5J|o|o|k|1v|k|5K|2y|o|o|k|1b|2N|o|o|o|o|k|1o|4X|4X|o|o|o|o|o|o|o|o|5T|11|4d|4d|5W|5X|k|o|o|o|5Y|o|||cc
2397,n|4J
2398,2026-05-24T02:11:35.990Z
2399,n|23.BIp2SHs0
2400,gd-0078c31b31-000019e57c06a51
2401,o|4W|3A|1|ce|cf|1v|o|k|6u|5X|k|k|k|36|36|o|k|o|k|4X|5X|k|4X|k|aL|k|8R|5X|cg|J0|4h|Ms|o|k|o|n|o|9L|cZ|cb|36|k|k|6F|5X|4X|k|7S|4X|5J|o|o|k|1v|k|7u|4X|o|o|k|1b|2N|o|o|o|o|k|1o|4X|4X|o|o|o|o|o|o|o|o|5T|11|4d|4d|5W|1o|k|o|o|o|5Y|o|||ch
2402,n|4K
2403,2026-05-24T02:11:59.972Z
2404,n|2X.JxJD36V2
2405,gd-0078c31b31-000019e57c0a2b5
2406,o|4W|3A|1|cj|ck|1v|o|k|6u|5X|k|k|k|36|36|o|k|o|k|5X|5X|k|4X|k|aL|k|8a|2Z|cl|aR|4h|Ms|o|k|o|n|o|9L|cZ|cb|36|k|k|6F|5X|4X|k|7S|4X|5J|o|o|k|1v|k|8F|2y|o|o|k|1b|2N|o|o|o|o|k|1o|4X|4X|o|o|o|o|o|o|o|o|5T|11|4d|4d|5W|1o|k|o|o|o|5Y|o|||cm
2407,n|4L
2408,2026-05-24T02:12:18.778Z
2409,gd-0078c31b31-000019e57c0f08f
2410,o|4W|3A|1|co|cp|1v|o|k|6u|5X|k|k|k|36|36|o|k|o|k|2Z|5X|4X|k|k|aL|k|8g|1o|Er|9b|4h|Ms|o|k|n|o|o|9L|cZ|cb|36|k|k|6F|5X|4X|k|7S|4X|5f|o|o|k|1v|k|6F|1o|o|n|k|1b|2N|o|o|o|o|k|1o|4X|4X|o|o|o|o|o|o|o|o|5T|11|4d|4d|5W|5X|k|o|o|o|5Y|o|||cq
2411,n|4M
2412,2026-05-24T02:12:34.710Z
2413,n|W.2wEVqmc57
2414,o|4t|1b|4d|o|4X|k|k|o|o|o|o|1v
2415,o|4z|1Z|o|5X|k|k|o|o|o|o|37
2416,o|4z|1V|o|2Z|k|k|o|o|o|o|2Z
2417,o|4x|cw|cx|50
2418,gd-0078c31b31-000019e57c13f78
2419,o|4W|3A|1|cs|ct|1v|o|k|6u|5X|k|k|k|36|36|n|k|o|4X|2Z|5X|k|4X|k|aL|k|5K|37|Qh|cu|4h|N0|o|k|o|n|o|9L|cv|cy|36|k|k|6F|2Z|4X|k|7S|4X|7q|o|o|k|1v|k|7S|2Z|o|o|k|1b|2N|n|n|o|o|k|1o|4X|4X|o|o|o|o|o|o|o|o|5T|11|4d|4d|5W|1o|7r|o|o|o|5Y|o|||cz
2420,n|4N
2421,2026-05-24T02:13:55.995Z
2422,o|4t|1d|4d|o|k|k|k|o|o|o|o|2y
2423,o|4z|1b|o|k|k|k|o|o|o|o|1v
2424,o|4x|d4|ca|bS
2425,gd-0078c31b31-000019e57c1829d
2426,o|4W|3A|1|d1|d2|1v|o|k|6u|5X|k|k|k|36|36|o|k|o|k|k|5X|k|4X|k|aL|k|8z|4X|WC|No|4h|NE|o|k|o|n|o|9L|d3|d5|36|k|k|58|5X|4X|k|7S|4X|5J|o|o|k|2y|k|6m|2Z|o|o|k|1d|2N|o|o|o|o|k|1o|4X|4X|o|o|o|o|o|o|o|o|5T|11|4d|4d|5W|5X|k|o|o|o|5Y|o|||d6
2427,n|4O
2428,2026-05-24T02:14:11.919Z
2429,n|2b.7VLvvG56
2430,gd-0078c31b31-000019e57c2b6d7
2431,o|4W|3A|1|d8|d9|1v|o|k|6u|5X|k|k|k|36|36|o|k|o|k|4X|5X|k|4X|k|aL|k|9G|5X|dA|YR|Q5|9k|o|k|o|n|o|9L|d3|d5|36|k|k|58|5X|4X|k|7S|4X|5J|o|o|k|2y|k|8z|2y|o|o|k|1d|2N|o|o|o|o|k|1o|4X|4X|o|o|o|o|o|o|o|o|5T|11|4d|4d|5W|5X|k|o|o|o|5Y|o|||dB
2432,n|4P
2433,2026-05-24T02:14:25.790Z
2434,gd-0078c31b31-000019e57c2f7d2
2435,o|4W|3A|1|dD|dE|1v|o|k|6u|5X|k|k|k|36|36|o|k|o|k|5X|5X|k|4X|k|aL|k|9P|2Z|EU|QH|4h|N0|o|k|o|n|o|9L|d3|d5|36|k|k|58|5X|4X|k|7S|4X|5J|o|o|k|2y|k|8F|2y|o|o|k|1d|2N|o|o|o|o|k|1o|4X|4X|o|o|o|o|o|o|o|o|5T|11|4d|4d|5W|5X|k|o|o|o|5Y|o|||dF
2436,n|4Q
2437,2026-05-24T02:14:44.971Z
2438,gd-0078c31b31-000019e57c3294b
2439,o|4W|3A|1|dH|dI|1v|o|k|6u|5X|k|k|k|36|36|o|k|o|k|2Z|5X|4X|k|k|aL|k|9Y|1o|SL|LO|4h|Ms|o|k|n|o|o|9L|d3|d5|36|k|k|58|5X|4X|k|7S|4X|5f|o|o|k|2y|k|2y|4X|o|n|k|1d|2N|o|o|o|o|k|1o|4X|4X|o|o|o|o|o|o|o|o|5T|11|4d|4d|5W|5X|k|o|o|o|5Y|o|||dJ
2440,n|4R
2441,2026-05-24T02:15:00.568Z
2442,n|b.LWvTuWGv
2443,o|4t|1d|4d|o|4X|k|k|o|o|o|o|2y
2444,o|4z|1b|o|5X|k|k|o|o|o|o|1v
2445,o|4z|1Z|o|2Z|k|k|o|o|o|o|37
2446,o|4z|1V|o|1o|k|k|o|o|o|n|2Z
2447,o|4x|dP|dQ|dR
2448,o|5R|2N|4X|4X|4X
2449,o|5P|5S|5S|5S|dT
2450,o|5P|5V|5V|5V|Kw
2451,gd-0078c31b31-000019e57c377a7
2452,o|4W|3A|1|dL|dM|1v|o|4X|6u|5X|k|4X|4X|36|36|n|k|o|4X|2Z|5X|k|4X|k|aL|k|9f|37|S7|dN|4h|k|o|k|o|n|o|9L|dO|dS|36|4X|k|58|2Z|4X|4X|7S|4X|7q|o|o|k|2y|k|7u|4X|o|o|k|1d|2N|n|n|o|o|k|1o|4X|4X|o|o|o|o|o|o|o|o|dU|11|4d|4d|dV|5X|7r|o|o|o|5Y|o|||dW
2453,2026-05-24T02:17:40.516Z
2454,o|4c|2T|4d|k
2455,n|T.6jRjGAd9
2456,o|4t|1N|4v|o|k|k|k|o|o|o|o|6F
2457,o|4z|1d|o|k|k|k|o|o|o|o|2y
2458,o|4x|dc|d4|ca
2459,gd-0078c31b31-000019e57c3b9ee
2460,o|4W|3A|1|2S|dY|1v|o|k|6u|2Z|k|k|k|36|36|o|k|o|k|k|5X|k|4X|k|dZ|k|4X|4X|da|De|4h|Ms|o|k|o|n|o|9L|db|dd|36|k|k|4X|2Z|k|k|1o|k|5J|o|o|k|6F|k|38|1o|o|o|k|1N|2T|o|o|o|o|k|37|4X|5X|o|o|o|o|o|o|o|o|5T|11|4v|4d|5W|1o|k|o|o|o|5Y|o|||de
2461,n|4T
2462,2026-05-24T02:17:55.637Z
2463,n|17.Ej4fEo7R
2464,gd-0078c31b31-000019e57c62a75
2465,o|4W|3A|1|dg|dh|1v|o|k|6u|2Z|k|k|k|36|36|o|k|o|k|4X|5X|4X|k|k|dZ|k|5X|5X|di|Im|4h|NR|o|k|n|o|o|9L|db|dd|36|k|k|4X|2Z|k|k|1o|k|5f|o|o|k|6F|k|4X|4X|o|n|k|1N|2T|o|o|o|o|k|37|4X|4X|o|o|o|o|o|o|o|o|5T|11|4v|4d|5W|1o|k|o|o|o|5Y|o|||dj
2466,n|4U
2467,2026-05-24T02:18:23.356Z
2468,o|4t|1N|4v|n|5X|k|k|o|o|o|o|6F
2469,o|4z|1d|o|2Z|k|k|n|o|o|o|2y
2470,o|4z|1b|n|1o|k|k|o|o|o|n|1v
2471,o|4z|1Z|n|1o|k|k|o|o|o|n|37
2472,o|4x|do|dp|dq
2473,o|5o|v|k|2y|36|5X
2474,o|5o|11|4X|5X|36|37
2475,o|5o|y|5X|37|36|k
2476,a|ds|dt|du
2477,n|1b.L6i89erb
2478,n|d.MvXovEhL
2479,n|1B.PMb31IDS
2480,o|5H|1o|5X|dw|dx|5X|4X|4X|k|dy
2481,o|5P|5S|5S|dT|dT
2482,o|5P|5V|5V|Kw|Kw
2483,gd-0078c31b31-000019e57c65d1d
2484,o|4W|3A|1|dl|dm|1v|o|5X|6u|2Z|k|5X|5X|36|36|n|k|o|4X|4X|5X|k|k|4X|dZ|k|2Z|2Z|GI|Pv|61|5l|o|k|o|o|o|9L|dn|dr|dv|5X|k|4X|1o|4X|5X|1o|4X|dz|o|o|k|6F|k|1v|6F|n|o|k|1N|2T|n|n|o|n|k|37|4X|4X|o|o|o|o|o|o|n|n|e0|11|4v|4d|e1|1o|6i|o|o|o|5Y|o|||e2
2485,2026-05-24T02:21:20.646Z
2486,n|1G.LPtNoi8Z
2487,gd-0078c31b31-000019e57c71099
2488,o|4W|3A|1|2z|e4|2y|n|k|6u|37|k|k|k|36|36|o|k|o|k|k|k|4X|k|k|Xj|k|8a|4X|e5|Br|4h|Df|o|k|n|o|o|69|Fy|51|36|k|k|2Z|1o|2Z|k|5X|2Z|5f|o|o|k|4X|k|2Z|2y|o|n|k|y|2n|o|o|o|o|k|1o|4X|4X|o|o|o|o|o|o|o|o|5T|1d|4v|4d|5W|1o|k|o|o|o|5Y|o|||e6
2489,n|4W
2490,2026-05-24T02:21:35.684Z
2491,n|2v.16pD35oT
2492,n|34.Kii9SIzm
2493,n|J.B0T23Qgq
2494,o|5H|5X|5X|eA|eB|5X|2Z|1o|k|eC
2495,gd-0078c31b31-000019e57c9811d
2496,o|4W|3A|1|e8|e9|2y|n|k|6u|37|k|k|k|36|36|n|k|o|4X|k|k|k|k|k|Xj|k|8g|5X|9o|OY|61|7Y|o|k|o|o|o|69|GJ|51|83|k|k|2Z|37|1o|k|5X|2Z|eD|o|o|k|4X|k|5X|1o|n|o|k|y|2n|n|n|o|n|k|1o|4X|4X|o|o|o|o|o|o|n|n|5T|1d|4v|4d|5W|1o|58|o|o|o|5Y|o|||eE
2497,n|4X
2498,2026-05-24T02:22:06.206Z
2499,gd-0078c31b31-000019e57c9c86d
2500,o|4W|3A|1|eG|eH|2y|n|k|6u|37|k|k|k|36|36|o|4X|o|k|k|k|k|k|k|Xj|k|5K|k|k|k|C9|k|o|k|o|o|o|69|GT|GV|36|k|k|1o|1o|4X|k|5X|2Z|CE|o|o|k|5X|k|k|k|o|o|k|11|2n|o|o|o|o|k|1o|4X|4X|o|o|o|o|o|o|o|o|5T|1d|4v|4d|5W|1o|k|o|o|o|5Y|o|||eI
2501,n|4Y
2502,2026-05-24T02:22:27.380Z
2503,o|4z|y|o|5X|k|k|o|o|o|o|4X
2504,o|4x|eM|50|50
2505,n|3o.9fBaryh0
2506,n|4.2BhXbL4r2
2507,o|5H|5X|k|Bi|eO|4X|2Z|37|k|eP
2508,gd-0078c31b31-000019e57ca28e4
2509,o|4W|3A|1|eK|eL|2y|n|k|6u|37|k|k|k|36|ET|n|k|o|k|k|k|k|k|k|Xj|k|5K|4X|Fg|cS|4h|DV|o|k|o|o|o|69|Gc|eN|6d|k|k|1o|37|5X|k|5X|2Z|eQ|o|o|k|5X|k|58|58|n|o|k|11|2n|n|n|o|n|k|1o|4X|4X|o|o|o|o|o|o|n|n|5T|1d|4v|4d|5W|1o|2Z|o|o|o|5Y|o|||eR
2510,n|4Z
2511,2026-05-24T02:23:07.137Z
2512,plan-000000067c1769a
2513,a|eV
2514,n|Z.I395sqOG
2515,o|4x|Gt|GU|50
2516,n|3Y.FJR5GZCT
2517,n|1o.7obr6PxF
2518,o|5H|4X|k|Hp|eZ|4X|k|k|k|ea
2519,gd-0078c31b31-000019e57cad35a
2520,o|4W|3A|1|eT|eU|2y|n|k|6u|37|k|k|k|36|eW|o|k|o|k|k|k|4X|k|k|Xj|k|8z|4X|eX|Rc|4h|9c|o|k|n|o|o|69|Gs|eY|36|k|k|37|1o|5X|k|58|2Z|eb|o|o|k|2Z|k|38|1o|n|n|k|14|2n|o|o|o|n|k|1o|4X|4X|o|o|o|o|o|o|n|n|5T|1d|4v|4d|5W|1o|k|o|o|o|5Y|o|||ec
2521,n|4a
2522,2026-05-24T02:23:31.929Z
2523,n|D.2aUQ8U4Sr
2524,n|w.2fNmrdfAI
2525,gd-0078c31b31-000019e57cb31df
2526,o|4W|3A|1|ee|ef|2y|n|k|6u|37|k|k|k|36|36|o|k|o|4X|k|k|k|4X|k|Xj|k|9G|5X|eg|eh|4h|k|o|k|o|n|o|69|Gs|eY|36|k|k|37|1o|5X|k|58|2Z|5J|o|o|k|2Z|k|6u|4X|o|o|k|14|2n|o|o|o|o|k|1o|4X|4X|o|o|o|o|o|o|o|o|5T|1d|4v|4d|5W|1o|k|o|o|o|5Y|o|||ei
2527,n|4b
2528,2026-05-24T02:23:52.270Z
2529,o|4z|y|o|2Z|k|k|n|o|o|o|4X
2530,o|4x|HJ|em|50
2531,o|5o|2n|k|4X|36|37
2532,o|5o|1P|4X|37|36|k
2533,a|eo|ep
2534,n|t.20lJqOZ0P
2535,n|3T.1bFSvmSo
2536,n|u.2v6xoQkS0
2537,o|5H|58|k|er|es|4X|5X|5X|k|et
2538,gd-0078c31b31-000019e57cb7ced
2539,o|4W|3A|1|ek|el|2y|n|k|6u|37|k|k|k|36|ET|n|k|o|4X|4X|k|k|k|4X|Xj|k|9P|2Z|CJ|HG|61|68|o|k|o|o|o|69|HI|en|eq|k|k|37|37|5X|k|58|1o|eu|o|o|k|2Z|k|5X|1o|o|o|k|14|2n|n|n|o|n|k|1o|4X|4X|o|o|o|o|o|o|o|n|5T|1d|4v|4d|5W|1o|BL|o|o|o|5Y|o|||ev
2540,n|4c
2541,2026-05-24T02:24:26.707Z
2542,o|4t|17|4v|o|k|k|k|o|o|o|o|1o
2543,o|4x|Hn|Gt|50
2544,gd-0078c31b31-000019e57cc2a1a
2545,o|4W|3A|1|ex|ey|2y|n|k|6u|37|k|k|k|36|36|o|k|o|k|k|4X|k|4X|k|Xj|k|9Y|4X|9a|TO|4h|9c|o|k|o|n|o|69|ez|f0|36|k|k|1v|1o|5X|k|7S|1o|5J|o|o|k|1o|k|5e|2y|o|o|k|17|2n|o|o|o|o|k|1o|4X|4X|o|o|o|o|o|o|o|o|5T|1d|4v|4d|5W|5X|k|o|o|o|5Y|o|||f1
2546,n|4d
2547,2026-05-24T02:24:41.801Z
2548,n|e.2wEVqmdR7
2549,gd-0078c31b31-000019e57cc5c75
2550,o|4W|3A|1|f3|f4|2y|n|k|6u|37|k|k|k|36|36|o|k|o|k|4X|4X|k|4X|k|Xj|k|9f|5X|CQ|f5|4h|HH|o|k|o|n|o|69|ez|f0|36|k|k|1v|1o|5X|k|7S|1o|5J|o|o|k|1o|k|7S|4X|o|o|k|17|2n|o|o|o|o|k|1o|4X|4X|o|o|o|o|o|o|o|o|5T|1d|4v|4d|5W|5X|k|o|o|o|5Y|o|||f6
2551,n|4e
2552,2026-05-24T02:24:55.970Z
2553,n|2N.Hnvk06lU
2554,n|3U.BrAzOpyN
2555,gd-0078c31b31-000019e57cc9701
2556,o|4W|3A|1|f8|f9|2y|n|k|6u|37|k|k|k|36|36|o|k|o|k|5X|4X|k|4X|k|Xj|k|8C|2Z|fA|fB|61|Jr|o|k|o|n|o|69|ez|f0|36|k|k|1v|1o|5X|k|7S|1o|5J|o|o|k|1o|k|8F|58|o|o|k|17|2n|o|o|o|o|k|1o|4X|4X|o|o|o|o|o|o|o|o|5T|1d|4v|4d|5W|1o|k|o|o|o|5Y|o|||fC
2557,n|4f
2558,2026-05-24T02:25:17.955Z
2559,gd-0078c31b31-000019e57ccc6ca
2560,o|4W|3A|1|fE|fF|2y|n|k|6u|37|k|k|k|36|36|o|k|o|k|2Z|4X|4X|k|k|Xj|k|A1|1o|D0|XP|4h|9k|o|k|n|o|o|69|ez|f0|36|k|k|1v|1o|5X|k|7S|1o|5f|o|o|k|1o|k|4X|4X|o|n|k|17|2n|o|o|o|o|k|1o|4X|4X|o|o|o|o|o|o|o|o|5T|1d|4v|4d|5W|1o|k|o|o|o|5Y|o|||fG
2561,n|4g
2562,2026-05-24T02:25:33.678Z
2563,n|t.OiRULpTH
2564,gd-0078c31b31-000019e57cd1e82
2565,o|4W|3A|1|fI|fJ|2y|n|k|6u|37|k|k|k|36|36|o|k|o|4X|2Z|4X|4X|k|k|Xj|k|A9|37|fK|AL|4h|k|o|k|n|o|o|69|ez|f0|36|k|k|1v|1o|5X|k|7S|1o|5f|o|o|k|1o|k|5X|1o|o|o|k|17|2n|o|o|o|o|k|1o|4X|4X|o|o|o|o|o|o|o|o|5T|1d|4v|4d|5W|1o|k|o|o|o|5Y|o|||fL
2566,n|4h
2567,2026-05-24T02:25:48.929Z
2568,n|E.nvTxTXmX
2569,o|4t|17|4v|o|4X|k|k|o|o|o|o|1o
2570,gd-0078c31b31-000019e57cd5ad7
2571,o|4W|3A|1|fN|fO|2y|n|k|6u|37|k|k|k|36|36|n|k|o|5X|2Z|4X|k|4X|k|Xj|k|AI|1v|9h|fP|4h|5l|o|k|o|n|o|69|fQ|Ha|36|k|k|1v|37|5X|k|7S|1o|7q|o|o|k|1o|k|6m|4X|o|o|k|17|2n|n|n|o|o|k|1o|4X|4X|o|o|o|o|o|o|o|o|5T|1d|4v|4d|5W|5X|7r|o|o|o|5Y|o|||fR
2572,n|4i
2573,2026-05-24T02:26:26.377Z
2574,n|2C.F2X
2575,o|4t|1x|4d|o|k|k|k|o|o|o|o|37
2576,o|4z|17|o|k|k|k|o|o|o|o|1o
2577,o|4x|fX|Hn|Gt
2578,gd-0078c31b31-000019e57cd9ccd
2579,o|4W|3A|1|fT|fU|2y|n|k|6u|37|k|k|k|36|36|o|k|o|k|k|4X|4X|k|k|Xj|k|7r|4X|EU|fV|61|k|o|k|n|o|o|69|fW|fY|36|k|k|2y|4X|4X|k|5X|1o|5f|o|o|k|37|k|6F|1o|o|n|k|1x|2n|o|o|o|o|k|1o|4X|4X|o|o|o|o|o|o|o|o|5T|1d|4d|4d|5W|5X|k|o|o|o|5Y|o|||fZ
2580,n|4j
2581,2026-05-24T02:26:44.290Z
2582,n|1s.LWvTuW9C
2583,n|C.385F6fJNY
2584,n|1v.He4LIjUN
2585,n|1f.QYbJeVnk
2586,o|5H|4X|5X|fe|ff|2Z|k|k|k|fg
2587,gd-0078c31b31-000019e57ce2548
2588,o|4W|3A|1|fb|fc|2y|n|k|6u|37|k|k|k|36|36|o|k|o|4X|k|4X|4X|k|k|Xj|k|Ah|5X|Yn|fd|4h|HH|o|k|n|o|o|69|fW|fY|36|k|k|2y|4X|4X|k|5X|1o|fh|o|o|k|37|k|6F|1o|n|o|k|1x|2n|o|o|o|n|k|1o|4X|4X|o|o|o|o|o|o|n|n|5T|1d|4d|4d|5W|5X|k|o|o|o|5Y|o|||fi
2589,n|4k
2590,2026-05-24T02:27:09.928Z
2591,n|2X.VBsJEfw
2592,n|1m.M0ecKCWx
2593,o|5H|4X|2Z|DW|fm|4X|k|k|k|fn
2594,gd-0078c31b31-000019e57ce79a4
2595,o|4W|3A|1|fk|fl|2y|n|k|6u|37|k|k|k|36|36|o|k|o|5X|k|4X|k|k|k|Xj|k|As|2Z|Qh|Pv|HA|Ie|o|k|o|o|o|69|fW|fY|36|k|k|2y|4X|4X|k|5X|1o|fo|o|o|k|37|k|2Z|58|o|o|k|1x|2n|o|o|o|n|k|1o|4X|4X|o|o|o|o|o|o|o|n|5T|1d|4d|4d|5W|5X|k|o|o|o|5Y|o|||fp
2596,n|4l
2597,2026-05-24T02:27:35.197Z
2598,n|2u.DytMHDQ9
2599,n|3S.NP0ToeKs
2600,gd-0078c31b31-000019e57cee41b
2601,o|4W|3A|1|fr|fs|2y|n|k|6u|37|k|k|k|36|36|o|k|o|5X|k|4X|k|4X|k|Xj|k|Az|1o|ft|fu|61|KD|o|k|o|n|o|69|fW|fY|36|k|k|2y|4X|4X|k|5X|1o|5J|o|o|k|37|k|8z|2y|o|o|k|1x|2n|o|o|o|o|k|1o|4X|4X|o|o|o|o|o|o|o|o|5T|1d|4d|4d|5W|5X|k|o|o|o|5Y|o|||fv
2602,n|4m
2603,2026-05-24T02:27:51.172Z
2604,n|20.FQMwLt1U
2605,gd-0078c31b31-000019e57cf33e0
2606,o|4W|3A|1|fx|fy|2y|n|k|6u|37|k|k|k|36|36|o|k|o|5X|4X|4X|k|4X|k|Xj|k|B6|37|fz|UZ|HA|IY|o|k|o|n|o|69|fW|fY|36|k|k|2y|4X|4X|k|5X|1o|5J|o|o|k|37|k|8F|2y|o|o|k|1x|2n|o|o|o|o|k|1o|4X|4X|o|o|o|o|o|o|o|o|5T|1d|4d|4d|5W|5X|k|o|o|o|5Y|o|||g0
2607,n|4n
2608,2026-05-24T02:28:19.788Z
2609,n|1B.LWvTujgP
2610,n|1y.xnFrndj
2611,n|1b.8T1ZSSiO
2612,o|5H|4X|5X|Sq|g5|2Z|k|k|k|g6
2613,gd-0078c31b31-000019e57cf7494
2614,o|4W|3A|1|g2|g3|2y|n|k|6u|37|k|k|k|36|36|o|k|o|5X|5X|4X|k|k|k|Xj|k|BC|1v|Fw|g4|4h|Cb|o|k|o|o|o|69|fW|fY|36|k|k|2y|4X|4X|k|5X|1o|g7|o|o|k|37|k|4X|2Z|o|o|k|1x|2n|o|o|o|n|k|1o|4X|4X|o|o|o|o|o|o|o|n|5T|1d|4d|4d|5W|4X|k|o|o|o|5Y|o|||g8
2615,n|4o
2616,2026-05-24T02:29:18.280Z
2617,n|2O.FNWH4fGt
2618,o|4t|1x|4d|o|5X|k|k|o|o|o|o|37
2619,o|4z|17|o|2Z|k|k|o|o|o|o|1o
2620,o|4z|14|o|2Z|k|k|n|o|o|o|2Z
2621,o|4x|gE|gF|IA
2622,n|3S.FMnyKmtO
2623,n|3m.CBaoZ5Fi
2624,n|1.zjad9etL
2625,o|5H|5X|2Z|gH|gI|5X|2Z|37|k|gJ
2626,o|5P|5S|5S|5S|YB
2627,gd-0078c31b31-000019e57cff139
2628,o|4W|3A|1|gA|gB|2y|n|4X|6u|37|k|4X|4X|36|36|n|k|o|5X|5X|4X|k|k|4X|Xj|k|BL|2y|gC|Ih|61|KD|o|k|o|o|o|69|gD|gG|83|k|4X|2y|5X|5X|4X|5X|37|gK|o|o|k|37|k|6F|1o|o|o|k|1x|2n|n|n|o|n|k|1o|4X|4X|o|o|o|o|o|o|o|n|gL|1d|4d|4d|HQ|k|58|o|o|o|5Y|o|||gM
2629,n|4p
2630,2026-05-24T02:30:02.533Z
2631,o|4t|23|4d|o|k|k|k|o|o|o|o|1v
2632,o|4z|1x|o|k|k|k|o|o|o|o|37
2633,o|4x|50|gR|fX
2634,gd-0078c31b31-000019e57d1495e
2635,o|4W|3A|1|gO|gP|2y|n|k|38|37|k|k|k|36|36|o|k|o|k|k|5X|4X|k|k|Xj|k|BQ|4X|UY|6Q|4h|5l|o|k|n|o|o|69|gQ|gS|36|k|k|6F|4X|k|k|58|37|5f|o|o|k|1v|k|2y|4X|o|n|k|23|2n|o|o|o|o|k|1o|4X|4X|o|o|o|o|o|o|o|o|5T|1d|4d|4d|5W|5X|k|o|o|o|5Y|o|||gT
2636,n|4q
2637,2026-05-24T02:30:17.219Z
2638,gd-0078c31b31-000019e57d17373
2639,o|4W|3A|1|gV|gW|2y|n|k|38|37|k|k|k|36|36|o|k|o|4X|k|5X|k|4X|k|Xj|k|6j|5X|IJ|cN|4h|5l|o|k|o|n|o|69|gQ|gS|36|k|k|6F|4X|k|k|58|37|5J|o|o|k|1v|k|7u|4X|o|o|k|23|2n|o|o|o|o|k|1o|4X|4X|o|o|o|o|o|o|o|o|5T|1d|4d|4d|5W|5X|k|o|o|o|5Y|o|||gX
2640,n|4r
2641,2026-05-24T02:30:34.602Z
2642,n|29.PSNr4WOW
2643,o|4t|23|4d|o|k|k|k|n|o|o|o|1v
2644,o|4z|1x|n|k|k|k|o|o|o|o|37
2645,o|4z|17|n|k|k|k|o|o|o|o|1o
2646,o|4x|50|gd|ge
2647,n|2w.MjR7CSeb
2648,n|3O.2KWwgdti
2649,n|B.D6y7fj7s
2650,o|5H|58|2Z|gg|gh|5X|2Z|37|k|gi
2651,gd-0078c31b31-000019e57d1ac07
2652,o|4W|3A|1|gZ|ga|2y|n|k|38|37|k|k|k|36|36|n|k|o|4X|4X|5X|k|k|4X|Xj|k|Bo|2Z|gb|NZ|4h|Df|o|k|o|o|o|69|gc|gf|83|k|k|6F|5X|k|k|58|1v|gj|o|o|k|1v|k|6F|1o|n|o|k|23|2n|n|n|o|n|k|1o|4X|4X|o|o|o|o|o|o|n|n|5T|1d|4d|4d|5W|5X|AU|o|o|o|5Y|o|||gk
2653,n|4s
2654,2026-05-24T02:32:44.168Z
2655,n|1x.EklnrnR
2656,n|1R.Euy
2657,o|4t|1P|4v|o|k|k|k|o|o|o|o|4X
2658,gd-0078c31b31-000019e57d1fbc1
2659,o|4W|3A|1|gm|gn|2y|o|k|38|37|k|k|k|36|36|o|k|o|k|k|k|4X|k|k|dZ|k|1o|4X|go|gp|HA|KD|o|k|n|o|o|9L|gq|51|36|k|k|5X|2Z|k|k|A1|4X|5f|o|o|k|4X|k|2y|2Z|o|n|k|1P|2T|o|o|o|o|k|37|4X|4X|o|o|o|o|o|o|o|o|5T|11|4v|4d|5W|1o|k|o|o|o|5Y|o|||gr
2660,n|4t
2661,2026-05-24T02:32:53.807Z
2662,n|s.3BXvrpStI
2663,gd-0078c31b31-000019e57d3ec74
2664,o|4W|3A|1|gt|gu|2y|o|k|38|37|k|k|k|36|36|o|k|o|4X|k|k|4X|k|k|dZ|k|37|5X|gv|K1|4h|Nr|o|k|n|o|o|9L|gq|51|36|k|k|5X|2Z|k|k|A1|4X|5f|o|o|k|4X|k|5X|1o|o|o|k|1P|2T|o|o|o|o|k|37|4X|4X|o|o|o|o|o|o|o|o|5T|11|4v|4d|5W|1o|k|o|o|o|5Y|o|||gw
2665,n|4u
2666,2026-05-24T02:33:05.547Z
2667,n|x.2wtTFZlzO
2668,o|4t|1P|4v|o|k|k|k|n|o|o|o|4X
2669,gd-0078c31b31-000019e57d41337
2670,o|4W|3A|1|gy|gz|2y|o|k|38|37|k|k|k|36|36|n|k|o|5X|k|k|4X|k|4X|dZ|k|1v|2Z|h0|L2|4h|Nl|o|k|n|o|o|9L|h1|51|36|k|k|5X|1o|k|k|A1|5X|Fb|o|o|k|4X|k|4X|4X|n|o|k|1P|2T|n|n|n|n|k|37|4X|4X|o|o|o|o|o|o|n|n|5T|11|4v|4d|5W|5X|A1|o|o|o|5Y|o|||h2
2671,n|4v
2672,2026-05-24T02:33:26.069Z
2673,o|4t|1R|4d|o|k|k|k|o|o|o|o|5X
2674,gd-0078c31b31-000019e57d44430
2675,o|4W|3A|1|h4|h5|2y|o|k|38|37|k|k|k|36|36|o|k|o|k|k|4X|k|4X|k|dZ|k|2y|4X|ZI|SG|61|4i|o|k|o|n|o|9L|h6|51|36|k|k|2Z|2Z|4X|k|58|5X|5J|o|o|k|5X|k|8F|2y|o|o|k|1R|2T|o|o|o|o|k|37|4X|4X|o|o|o|o|o|o|o|o|5T|11|4d|4d|5W|5X|k|o|o|o|5Y|o|||h7
2676,n|4w
2677,2026-05-24T02:33:30.604Z
2678,n|2a.DhD
2679,n|P.44WnDCPR
2680,n|1Y.BkGrwRsa
2681,o|5H|4X|k|hC|ff|4X|k|k|k|hD
2682,gd-0078c31b31-000019e57d49165
2683,o|4W|3A|1|h9|hA|2y|o|k|38|37|k|k|k|36|36|o|k|o|k|4X|4X|4X|k|k|dZ|k|6F|5X|Gz|hB|8J|N0|o|k|n|o|o|9L|h6|51|36|k|k|2Z|2Z|4X|k|58|5X|hE|o|o|k|5X|k|5e|58|n|n|k|1R|2T|o|o|o|n|k|37|4X|4X|o|o|o|o|o|o|n|n|5T|11|4d|4d|5W|5X|k|o|o|o|5Y|o|||hF
2684,n|4x
2685,2026-05-24T02:34:07.010Z
2686,o|4t|1R|4d|o|k|k|k|n|o|o|o|5X
2687,n|3J.10eaoddD
2688,n|3l.1NuhFQEM
2689,n|2.crGDA06WW
2690,o|5H|58|2Z|hK|hL|5X|2Z|37|k|hM
2691,gd-0078c31b31-000019e57d4c19b
2692,o|4W|3A|1|hH|hI|2y|o|k|38|37|k|k|k|36|36|n|k|o|4X|4X|4X|k|k|4X|dZ|k|58|2Z|BN|B2|61|4i|o|k|o|o|o|9L|hJ|51|aj|k|k|2Z|1o|4X|k|58|2Z|hN|o|o|k|5X|k|5K|2y|o|o|k|1R|2T|n|n|o|n|k|37|4X|4X|o|o|o|o|o|o|o|n|5T|11|4d|4d|5W|5X|AU|o|o|o|5Y|o|||hO
2693,n|4y
2694,2026-05-24T02:34:37.473Z
2695,n|1e.JCJihQWP
2696,o|4t|1T|4d|o|k|k|k|o|o|o|o|2Z
2697,gd-0078c31b31-000019e57d545b4
2698,o|4W|3A|1|hQ|hR|2y|o|k|38|37|k|k|k|36|36|o|k|o|k|k|5X|4X|k|k|dZ|k|6m|4X|hS|Fx|4h|Nw|o|k|n|o|o|9L|hT|51|36|k|k|1o|2Z|5X|k|A1|2Z|5f|o|o|k|2Z|k|1v|6F|o|n|k|1T|2T|o|o|o|o|k|37|4X|4X|o|o|o|o|o|o|o|o|5T|11|4d|4d|5W|5X|k|o|o|o|5Y|o|||hU
2699,n|4z
2700,2026-05-24T02:34:46.699Z
2701,gd-0078c31b31-000019e57d5a4c6
2702,o|4W|3A|1|hW|hX|2y|o|k|38|37|k|k|k|36|36|o|k|o|4X|k|5X|4X|k|k|dZ|k|6u|5X|TN|Td|HA|k|o|k|n|o|o|9L|hT|51|36|k|k|1o|2Z|5X|k|A1|2Z|B3|o|o|k|2Z|k|58|2y|n|o|k|1T|2T|o|o|o|n|k|37|4X|4X|o|o|o|o|o|o|n|n|5T|11|4d|4d|5W|5X|k|o|o|o|5Y|o|||hY
2703,n|50
2704,2026-05-24T02:34:59.128Z
2705,n|1V.EeTogk1g
2706,n|f.LWvTujhK
2707,n|2x.DwJYFojp
2708,n|5b.ELgq8ooU
2709,o|5H|4X|k|he|PK|5X|k|k|k|hf
2710,gd-0078c31b31-000019e57d5ca18
2711,o|4W|3A|1|ha|hb|2y|o|k|38|37|k|k|k|36|36|o|k|o|5X|k|5X|k|k|k|dZ|k|38|2Z|hc|hd|4h|OA|o|k|o|o|o|9L|hT|51|36|k|k|1o|2Z|5X|k|A1|2Z|hg|o|o|k|2Z|k|6L|5X|o|o|k|1T|2T|o|o|o|n|k|37|4X|4X|o|o|o|o|o|o|o|n|5T|11|4d|4d|5W|5X|k|o|o|o|5Y|o|||hh
2712,2026-05-24T02:35:18.676Z
2713,o|4t|1T|4d|o|k|k|k|n|o|o|o|2Z
2714,gd-0078c31b31-000019e57d60501
2715,o|4W|3A|1|39|hj|2y|o|k|38|37|k|k|k|36|36|n|k|o|5X|k|5X|4X|k|4X|dZ|k|5e|1o|gC|SG|61|MU|o|k|n|o|o|9L|hk|51|36|k|k|1o|1o|5X|k|A1|1o|Fb|o|o|k|2Z|k|8F|2y|o|o|k|1T|2T|n|n|n|n|k|37|4X|4X|o|o|o|o|o|o|o|n|5T|11|4d|4d|5W|5X|A1|o|o|o|5Y|o|||hl
2716,a|5a|5h|5x|64|6B|6H|6N|6X|6l|6t|70|79|7L|7U|7a|7e|7k|7t|8E|8Q|8Z|8f|8o|8y|9F|9O|9X|9e|9m|A0|A8|AH|AW|Ag|Ar|Ay|B5|BB|BK|BP|Be|Bn|Bu|C7|CG|CN|CW|Ci|Cs|Cx|DC|DK|DR|Db|Dh|Dl|Dq|Dz|EB|EF|EL|EQ|Ed|Ek|Eo|Eu|F3|F9|FJ|FP|Fd|Ft|G0|G5|GF|GO|GX|Gn|Gw|H1|H5|HD|HS|Hi|Hu|I4|IG|IS|IX|Id|Ij|Iw|J6|JA|JF|JK|JT|Ja|Jf|Jq|Jz|KC|KJ|KO|KS|Ka|Ki|Kz|L7|LC|LG|LL|LU|Lh|Ln|Ls|Lv|Lz|M3|MB|MI|MN|MT|MY|Mc|Mh|Mr|Mz|ND|NL|NQ|NW|Nk|Nq|Nv|O3|O9|OJ|OO|OU|Oc|Oi|Om|Or|Ov|P4|PA|PF|PO|PY|Pe|Pr|Q0|Q7|QC|QP|QW|Qe|Qk|Qp|Qx|R4|R9|RE|RJ|RS|RZ|Re|Ri|Ro|Ru|Rz|S4|SD|SI|SS|SZ|Sh|Sm|Su|T5|TC|TK|TV|Ta|Tk|Tr|Tw|U1|U6|UE|UI|UP|UV|Ub|Ug|Uo|Uu|Uz|V4|VE|VK|VZ|Vg|Vr|Vw|W0|W5|W9|WE|WL|WR|WX|Wc|Wg|Wp|Wx|X3|XF|XL|XR|XX|Xh|Xq|Xy|Y2|YF|YK|YO|YT|Yb|Yl|Yw|Z0|Z4|Z9|ZF|ZP|ZV|Zb|Zg|Zs|a0|aC|aJ|aO|aT|aX|ae|ao|aw|b0|b4|b8|bO|bV|bd|bm|bq|bz|c5|cF|cK|cP|cV|cd|ci|cn|cr|d0|d7|dC|dG|dK|dX|df|dk|e3|e7|eF|eJ|eS|ed|ej|ew|f2|f7|fD|fH|fM|fS|fa|fj|fq|fw|g1|g9|gN|gU|gY|gl|gs|gx|h3|h8|hG|hP|hV|hZ|hi|hm
2717,a|s|v|y|11|14|17|1A|1D|1G|1J|1N|1P|1R|1T|1V|1X|1Z|1b|1d|1f|1q|1x|23|29|2F|2H|2N|2T|2b|2h|2n|2t|30
2718,retired
2719,name
2720,name_s
2721,team_id
2722,uniform_no
2723,t_lr
2724,b_lr
2725,pit_id
2726,show_index
2727,name_e
2728,name_es
2729,affiliation
2730,misc
2731,career
2732,hide_flg
2733,batting_arm
2734,throw_arm
2735,a|C|hp|hq|hr|hs|ht|q|hu|hv|hw|hx|hy|hz|i0|i1|i2|i3|e|i4|i5
2736,player
2737,重富大空
2738,position-15
2739,st_date
2740,ed_date
2741,a|hs|iA|iB|ht
2742,2025-09-05
2743,o|iC|m|iD|4k|k
2744,a|iE
2745,右
2746,o|i6|i7|o|i8|i8|m|6F|i9|4d|4d|4k|k|4k|4k|4k|4k|iF|o|s|iG|iG
2747,村上大貴
2748,左
2749,o|i6|i7|o|iI|iI|m|k|i9|4d|4v|4k|k|4k|4k|4k|4k|iF|o|v|iJ|iG
2750,久光貫太
2751,position-14
2752,o|i6|i7|o|iL|iL|m|B6|iM|4d|4v|4k|k|4k|4k|4k|4k|iF|o|y|iJ|iG
2753,武冴太朗
2754,o|i6|i7|o|iO|iO|m|5K|12|4d|4v|4k|k|4k|4k|4k|4k|iF|o|11|iJ|iG
2755,長石樹弥
2756,o|i6|i7|o|iQ|iQ|m|6L|iM|4d|4v|4k|k|4k|4k|4k|4k|iF|o|14|iJ|iG
2757,池田泰河
2758,o|i6|i7|o|iS|iS|m|7r|iM|4v|4v|4k|k|4k|4k|4k|4k|iF|o|17|iJ|iJ
2759,野田健太
2760,o|i6|i7|o|iU|iU|m|6m|12|4d|4d|4k|k|4k|4k|4k|4k|iF|o|1A|iG|iG
2761,嘉村陽聖
2762,o|i6|i7|o|iW|iW|m|1v|i9|4d|4d|4k|k|4k|4k|4k|4k|iF|o|1D|iG|iG
2763,鈴木瑛仁　
2764,o|i6|i7|o|iY|iY|m|2Z|iM|4d|4d|4k|k|4k|4k|4k|4k|iF|o|1G|iG|iG
2765,中島淳宏
2766,pit-3
2767,o|i6|i7|o|ia|ia|m|6i|1K|4d|4d|ib|k|4k|4k|4k|4k|iF|o|1J|iG|iG
2768,別木倫太朗
2769,o|iC|l|iD|4k|k
2770,a|ie
2771,o|i6|i7|o|id|id|l|Bv|i9|4d|4v|4k|k|4k|4k|4k|4k|if|o|1N|iJ|iG
2772,小野瀬司
2773,2026-04-02
2774,o|iC|l|ii|4k|k
2775,a|ij
2776,両
2777,o|i6|i7|o|ih|ih|l|4X|iM|4d|4w|4k|k|4k|4k|4k|4k|ik|o|1P|il|iG
2778,小笠原有人
2779,o|i6|i7|o|in|in|l|6m|iM|4d|4d|4k|k|4k|4k|4k|4k|if|o|1R|iG|iG
2780,田辺壮啓
2781,o|i6|i7|o|ip|ip|l|9P|iM|4d|4d|4k|k|4k|4k|4k|4k|if|o|1T|iG|iG
2782,松元俊也
2783,o|i6|i7|o|ir|ir|l|2y|iM|4d|4d|4k|k|4k|4k|4k|4k|if|o|1V|iG|iG
2784,a|C|hp|hq|hr|hs|ht|q|hu|hv|hw|hx|hy|hz|i0|i1|i2|i3|i4|i5|e
2785,沖野鳳冴
2786,2025-09-14
2787,o|iC|l|iv|4k|k
2788,a|iw
2789,o|it|i7|o|iu|iu|l|6F|i9|4d|4d|4k|k|4k|4k|4k|4k|ix|o|iG|iG|1X
2790,岡田昂輝
2791,o|i6|i7|o|iz|iz|l|Ah|i9|4d|4d|4k|k|4k|4k|4k|4k|if|o|1Z|iG|iG
2792,荒川
2793,2026-04-05
2794,o|iC|l|j2|4k|k
2795,a|j3
2796,o|it|i7|o|j1|j1|l|8a|12|4d|4d|4k|k|4k|4k|4k|4k|j4|o|iG|iG|1b
2797,和才健人
2798,o|i6|i7|o|j6|j6|l|CX|12|4d|4d|4k|k|4k|4k|4k|4k|if|o|1d|iG|iG
2799,上床宏樹
2800,pit-2
2801,o|i6|i7|o|j8|j8|l|BQ|1K|4d|4d|j9|k|4k|4k|4k|4k|if|o|1f|iG|iG
2802,樋口結大
2803,pit-1
2804,o|i6|i7|o|jB|jB|m|7S|1K|4d|4d|jC|k|4k|4k|4k|4k|iF|o|1q|iG|iG
2805,藤倉匠人
2806,o|it|i7|o|jE|jE|m|Cj|i9|4d|4d|4k|k|4k|4k|4k|4k|iF|o|iG|iG|1x
2807,池田拓真
2808,o|i6|i7|o|jG|jG|m|9D|i9|4d|4d|4k|k|4k|4k|4k|4k|iF|o|23|iG|iG
2809,大場悠央
2810,o|i6|i7|o|jI|jI|m|Bv|iM|4d|4d|4k|k|4k|4k|4k|4k|iF|o|29|iG|iG
2811,笛木翔
2812,o|i6|i7|o|jK|jK|m|AI|iM|4d|4d|4k|k|4k|4k|4k|4k|iF|o|2F|iG|iG
2813,重野響葵
2814,o|i6|i7|o|jM|jM|m|9y|1K|4d|4d|jC|k|4k|4k|4k|4k|iF|o|2H|iG|iG
2815,川口皓大
2816,o|i6|i7|o|jO|jO|m|BQ|1K|4d|4d|jC|k|4k|4k|4k|4k|iF|o|2N|iG|iG
2817,栗間康介
2818,pit-5
2819,o|it|i7|o|jQ|jQ|m|6u|1K|4d|4d|jR|k|4k|4k|4k|4k|iF|o|iG|iG|2T
2820,新田岳冬
2821,o|i6|i7|o|jT|jT|l|6i|1K|4d|4d|4k|k|4k|4k|4k|4k|if|o|2b|iG|iG
2822,門出建
2823,o|i6|i7|o|jV|jV|l|7l|1K|4d|4d|jC|k|4k|4k|4k|4k|if|o|2h|iG|iG
2824,西川翔栄
2825,新規選手 0510-1940
2826,37
2827,2026-05-10
2828,o|iC|l|ja|4k|jZ
2829,a|jb
2830,o|i6|i7|o|jX|jY|l|jZ|1K|4d|4d|4k|k|4k|4k|4k|4k|jc|o|2n|iG|iG
2831,中村玲斗
2832,o|i6|i7|o|je|je|l|38|i9|4d|4d|4k|k|4k|4k|4k|4k|if|o|2t|iG|iG
2833,角木
2834,2026-04-09
2835,o|iC|l|jh|4k|k
2836,a|ji
2837,o|i6|i7|o|jg|jg|l|8R|i9|4d|4d|4k|k|4k|4k|4k|4k|jj|o|30|iG|iG
2838,o|ho|iH|iK|iN|iP|iR|iT|iV|iX|iZ|ic|ig|im|io|iq|is|iy|j0|j5|j7|jA|jD|jF|jH|jJ|jL|jN|jP|jS|jU|jW|jd|jf|jk
2839,a|m|l
2840,category_id
2841,mark
2842,a|C|hq|hr|jn|H|hy|hz|jo|hx|i3|e
2843,team
2844,広島大学
2845,広大
2846,category-0000000681d4f04
2847,HU
2848,o|jp|jq|jr|js|jt|4k|4k|4k|ju|k|o|m
2849,広島工業大学
2850,工大
2851,category-000000067c1789e
2852,HIT
2853,o|jp|jq|jw|jx|jy|4k|4k|4k|jz|k|o|l
2854,o|jm|jv|k0
2855,a|E2|ES|eV
2856,dev
2857,bunt_flg
2858,and_run_flg
2859,steal_flg
2860,disp_flg
2861,sb_flg
2862,cs_flg
2863,a|C|hq|hr|k3|hx|hy|hz|jo|k4|k5|k6|k7|k8|k9|e
2864,セーフティ（１塁側）
2865,8
2866,o|kA|4|kB|kB|kC|k|4k|4k|4k|n|o|o|n|o|o|E2
2867,バント構え
2868,o|kA|4|kE|kE|kC|k|4k|4k|4k|n|o|o|n|o|o|ES
2869,セーフティ（３塁側）
2870,o|kA|4|kG|kG|kC|k|4k|4k|4k|n|o|o|n|o|o|eV
2871,o|k2|kD|kF|kH
2872,size
2873,left_length
2874,right_length
2875,center_length
2876,home_team_id
2877,kind_id
2878,style_id
2879,_rev
2880,a|C|hq|hr|hy|hz|kJ|kK|kL|kM|kN|kO|kP|hx|e|kQ
2881,広島工業大学沼田グラウンド
2882,沼田G
2883,1-888cb73cf1542fc7339219e2c40e4cf6
2884,o|kR|6|kS|kT|4k|4k|k|DH|DH|9k|l|4k|4k|4X|j|kU
2885,identifier
2886,a|hq|kW
2887,hiroshima-u
2888,o|kX|jr|kY
2889,a|4h|61|8J|9j|C9|HA|LE|Q5
2890,ldraw
2891,lcolor
2892,rdraw
2893,rcolor
2894,symbol
2895,ball_type_id
2896,ball_type_flg
2897,a|C|hq|hr|hy|hz|kb|kc|kd|ke|kf|hx|kg|kh|k7|e
2898,balltype
2899,ストレート
2900,four-seam fastball
2901,BALL001
2902,red
2903,o|ki|kj|kk|kk|kl|kl|km|kn|km|kn|kk|k|4v|4v|n|4h
2904,スライダー
2905,Srider
2906,BALL011
2907,green
2908,BALL010
2909,4
2910,o|ki|kj|kp|kp|kq|kq|kr|ks|kt|ks|kp|37|4d|ku|n|61
2911,カットボール
2912,カット
2913,cut fastball
2914,cutter
2915,BALL013
2916,purple
2917,BALL012
2918,o|ki|kj|kw|kx|ky|kz|l0|l1|l2|l1|kx|5X|4v|4w|n|8J
2919,ツーシーム
2920,two-seam fastball
2921,two-seamer
2922,BALL014
2923,gray
2924,10
2925,o|ki|kj|l4|l4|l5|l6|l7|l8|l7|l8|l4|4X|4v|l9|n|9j
2926,a|e|hq
2927,o|lB|C9|C9
2928,カーブ
2929,Curve Ball
2930,CB
2931,BALL008
2932,orange
2933,5
2934,o|ki|kj|lD|lD|lE|lF|lG|lH|lG|lH|lD|1v|4d|lI|n|HA
2935,チェンジアップ
2936,チェンジ
2937,changeup
2938,BALL015
2939,blue
2940,o|ki|kj|lK|lL|lM|lM|lN|lO|lN|lO|lL|1o|4w|kC|n|LE
2941,フォーク
2942,split-finger fastball
2943,splitter
2944,BALL009
2945,fuchsia
2946,6
2947,o|ki|kj|lQ|lQ|lR|lS|lT|lU|lT|lU|lQ|2Z|4w|lV|n|Q5
2948,o|ka|ko|kv|l3|lA|lC|lJ|lP|lW
2949,result-14
2950,result-13
2951,result-9
2952,result-1
2953,result-4
2954,result-15
2955,result-7
2956,result-2
2957,result-12
2958,result-8
2959,result-17
2960,result-31
2961,result-34
2962,result-10
2963,a|lY|lZ|la|lb|lc|ld|le|lf|lg|lh|li|lj|lk|ll
2964,last_id
2965,stats_id
2966,bat_ground_flg
2967,bat_fly_flg
2968,bat_drive_flg
2969,list_id
2970,list_x
2971,list_y
2972,list_color
2973,scope_color
2974,bat_color
2975,bat_circle_flg
2976,bat_fillstyle
2977,bat_drawstyle
2978,pit_flg
2979,batting_flg
2980,bat_yn
2981,runs
2982,batruns_flg
2983,bat_must_chk
2984,last_ball
2985,out
2986,tag_up
2987,bunt
2988,division
2989,a|e|hq|ln|hx|hr|hy|hz|lo|lp|lq|lr|ls|lt|lu|lv|lw|lx|ly|lz|m0|m1|k7|m2|m3|m4|m5|m6|m7|3a|3b|m8|m9|mA|C|mB|4Z
2990,ボール
2991,9
2992,Ball
2993,aqua
2994,o|mC|lY|mD|mE|HB|mD|mF|mF|k|o|o|o|4v|4X|2Z|l1|ks|mG|o|k|k|n|n|o|o|k|o|o|o|o|n|o|o|o|A|ku|5I
2995,見送
2996,Strike Looking
2997,Stk Looking
2998,yellow
2999,olive
3000,o|mC|lZ|mI|4w|HB|mI|mJ|mK|1o|o|o|o|4v|4X|5X|l8|mL|mM|o|k|k|n|n|o|o|k|o|o|o|n|o|o|o|o|A|4v|5e
3001,凡打
3002,99
3003,Out
3004,black
3005,o|mC|la|mO|4d|mP|mO|mQ|mQ|5X|n|n|n|lI|4X|4X|mR|l8|mR|n|k|k|n|n|n|n|k|o|n|n|o|o|o|o|o|A|4v|58
3006,ファウル
3007,Foul
3008,silver
3009,o|mC|lb|mT|ku|HB|mT|mU|mU|37|n|n|n|4v|4X|1o|mV|lH|mL|n|k|k|n|n|n|n|k|o|n|o|n|o|o|o|o|A|4v|4X
3010,二塁打
3011,Double
3012,2B
3013,navy
3014,o|mC|lc|mX|4v|HB|mX|mY|mZ|4X|n|n|n|lI|5X|5X|ma|kn|ma|n|k|k|n|n|n|n|5X|n|n|n|o|o|o|o|o|A|4v|1o
3015,四球
3016,Base on Ball
3017,BB
3018,0
3019,o|mC|ld|mc|mE|HB|mc|md|me|k|o|o|o|mf|k|k|mR|ks|mG|o|k|k|n|o|o|o|4X|n|o|n|o|n|o|o|o|A|4v|7S
3020,本塁打
3021,Home Run
3022,HR
3023,o|mC|le|mh|4v|HB|mh|mi|mj|4X|n|n|n|lI|2Z|5X|ma|kn|ma|n|k|k|n|n|n|n|1o|n|n|n|o|o|o|o|o|A|4v|2y
3024,単打
3025,Single
3026,o|mC|lf|ml|4v|HB|ml|mm|mm|4X|n|n|n|lI|5X|4X|ma|kn|ma|n|k|k|n|n|n|n|4X|n|n|n|o|o|o|o|o|A|4v|5X
3027,空振
3028,Strike Swing
3029,Stk Swing
3030,lime
3031,o|mC|lg|mo|4w|HB|mo|mp|mq|2Z|o|o|o|4v|4X|4X|l8|mL|mr|o|k|k|n|n|n|o|k|o|o|o|n|o|o|o|o|A|4v|38
3032,失策出塁
3033,Base on Error
3034,BOE
3035,o|mC|lh|mt|lI|HB|mt|mu|mv|5X|n|n|n|lI|4X|2Z|mR|l8|mR|n|k|k|n|n|n|n|4X|n|n|n|o|o|o|o|o|A|4v|6F
3036,牽制
3037,12
3038,Pickoff Throw
3039,PK Throw
3040,o|mC|li|mx|my|HB|mx|mz|n0|k|o|o|o|mf|k|k|mR|mR|mR|o|k|k|o|o|o|o|k|o|o|o|o|o|o|o|o|A|ku|6L
3041,空振三振
3042,空三振
3043,Strikeout Swinging
3044,SO Swinging
3045,teal
3046,o|mC|lj|n2|4w|HB|n3|n4|n5|2Z|o|o|o|mf|k|k|mR|n6|mr|o|k|k|n|o|n|o|k|o|o|n|n|o|o|o|o|A|4v|A1
3047,犠打失策
3048,Sacrifice Hit and Error
3049,SH & E
3050,o|mC|lk|n8|lV|HB|n8|n9|nA|1v|n|n|o|lI|1o|2Z|mr|ks|ks|n|k|k|n|n|n|n|4X|n|n|n|o|o|o|o|n|A|4v|7r
3051,犠打
3052,Sacrifice Hit
3053,SH
3054,o|mC|ll|nC|lV|HB|nC|nD|nE|1v|n|n|o|lI|1o|4X|mr|lO|ks|n|k|k|n|n|n|n|k|o|n|n|o|o|o|o|n|A|4v|6m
3055,o|lm|mH|mN|mS|mW|mb|mg|mk|mn|ms|mw|n1|n7|nB|nF
3056,o|B|3B|hn|jl|k1|kI|5Y|kV||kZ|lX|nG
metadata,nH
